Tweets,Date,Fecha,Hora,Score
Hi its follow a fella friday If you follow me. I send you star wars memes Glory to ukraine and To The heroes Fellas,2023-10-06 11:24:00,2023-10-06,11:24:00,0.4939
"Quand on cherche la fiente on trouve l'etron. Proverbe FranÃ§ais ( version poÃ©tique ) Cette guerre ne finira jamais, l'Ukraine Ã§a finira pareil, un monde en tension pour mieux faire peur. Du star Wars dans le scÃ©nario....",2023-10-07 09:50:00,2023-10-07,09:50:00,-0.7096
"ĞœĞ¸ Ğ·Ñ–Ğ±Ñ€Ğ°Ğ»Ğ¸ Ğ²ÑÑ– Ğ½Ğ°Ğ¹Ğ²Ğ°Ğ¶Ğ»Ğ¸Ğ²Ñ–ÑˆÑ– ÑÑĞ¶ĞµÑ‚Ğ½Ñ– ÑÑ†ĞµĞ½Ğ¸ Ñ‚Ğ° Ğ±Ğ¾Ñ— Ñ–Ğ· ""Star Wars Jedi Knight: Jedi Academy"" Ñ‚Ğ° Ğ¿ĞµÑ€ĞµÑ‚Ğ²Ğ¾Ñ€Ğ¸Ğ»Ğ¸ Ñ—Ñ… Ğ½Ğ° Ñ–Ğ³Ñ€Ğ¾Ñ„Ñ–Ğ»ÑŒĞ¼Ğ¸ Ğ· Ğ½Ğ°ÑˆĞ¾Ñ Ğ»Ğ¾ĞºĞ°Ğ»Ñ–Ğ·Ğ°Ñ†Ñ–Ñ”Ñ! Ğ“ĞµÑ€Ğ¾Ğ¹-Ñ‡Ğ¾Ğ»Ğ¾Ğ²Ñ–Ğº: https://invidious.perennialte.ch/Ag3eqp1b2Xc Ğ“ĞµÑ€Ğ¾Ğ¹-Ğ¶Ñ–Ğ½ĞºĞ°: https://invidious.perennialte.ch/D-lyptAQ-Fk Ğ—Ğ°Ğ¿Ñ€Ğ¾ÑˆÑƒÑ”Ğ¼Ğ¾ Ğ´Ğ¾ Ğ¿ĞµÑ€ĞµĞ³Ğ»ÑĞ´Ñƒ :)",2023-10-07 11:23:00,2023-10-07,11:23:00,-0.2244
"Then they would be opposed to the tens of thousands of people being deported from Ukraine to Russia, and Russians imported into destroyed Mariupol for cheap housing",2023-10-07 17:50:00,2023-10-07,17:50:00,-0.4939
its so funny to me that putin is considered a war criminal by nato or whatever because he removed civilians from an area ukraine has been bombing for 10 years. was it kidnapping or what,2023-10-07 17:51:00,2023-10-07,17:51:00,-0.6258
"libsâ€¦just pretend Palestine are the rebels fighting back against imperial army, do the star wars shit with ukraine cmon",2023-10-07 18:46:00,2023-10-07,18:46:00,-0.8979
He gave $6 billion to Iran and now is giving $8 billion to Israel. This reminds me of Star Wars Clone Wars where Emperor Palpatine was playing both sides. How much you want to bet we are doing the same with Ukraine?,2023-10-07 19:55:00,2023-10-07,19:55:00,-0.5719
"It is, like Ukraine very complicated, Like WW 1. A little more complicated than a Star Wars movie.",2023-10-07 20:23:00,2023-10-07,20:23:00,0.1725
We're certainly seeing far fewer star wars pictures from Ukraine,2023-10-07 22:02:00,2023-10-07,22:02:00,-0.296
"Ok so bear with me on this one genius: what if we applied that same exact logic for the illegal, barbaric invasion of Russia into Ukraine? Or is rational thought not allowed on that subject because youâ€™re willing to go morally bankrupt to stick it to the Bidens?",2023-10-08 02:46:00,2023-10-08,02:46:00,-0.7476
Yea I don't understand these people. My favorite footage from Ukraine was the one with the star wars tie fighter! Or the phantom hero pilot who turned out to be fake...,2023-10-08 05:42:00,2023-10-08,05:42:00,0.5983
"That shit doesn't work. It's just one of the magical western defense systems that have been consistently EXPOSED in Ukraine. Welcome to the world, Star Wars isn't real.",2023-10-08 14:21:00,2023-10-08,14:21:00,-0.694
"In Ukraine, explosive DIY drones give an intimate view of killing https://buff.ly/3rNrsYC #Ukraine #Russia ""Bendett likened the use of FPV drones to the iconic Star Wars scene, when Luke Skywalker fires a proton torpedo into an exhaust port to destroy the Death Star.""",2023-10-08 17:07:00,2023-10-08,17:07:00,-0.9559
"It's amazing how this man, only a year ago, was utilizing Star Wars to politically motivate people to support Ukraine by comparing them to the Rebels. But when he sees an actual revolution against oppression it's clear he'd support the Empire.",2023-10-08 19:33:00,2023-10-08,19:33:00,0.8519
Thatâ€™s it I have finally unfollowed my childhood hero and threw away all my Luke skywalker toys I have been holding since I was 10 .#Gaza #palestine #israel #ukraine #starwars #ahsoka,2023-10-08 19:40:00,2023-10-08,19:40:00,0.5574
Place your bets on when we get ukraine marvel star wars posts,2023-10-08 20:17:00,2023-10-08,20:17:00,-0.2023
Ugh I still have a headache from the Russia/Ukraine Star Wars memes,2023-10-08 20:42:00,2023-10-08,20:42:00,-0.7506
"How will prospective transfers of SDB to Israel impact the production of GLSDB for Ukraine, if at all? I know the part that attaches the rocket motor to the SDB is the throttling factor, but could you see an increase in demand for SDB impacting production going forward?",2023-10-08 21:22:00,2023-10-08,21:22:00,0.3736
Russia has us were they want us. Just like Reagan broke the USSR with Star Wars. They are breaking us with our spending. Billions for Ukraine and billions for Iran. We are going to pay for this.,2023-10-08 22:21:00,2023-10-08,22:21:00,-0.6124
Hamill is so embarrassing dude. Posted so much star wars rebels shit when Ukraine kicked off how can some one live so much life and know nothing,2023-10-08 23:03:00,2023-10-08,23:03:00,-0.9123
Remember all the cringe star wars rebel memes he posted when Ukraine war started how do you live to be in your 70's and know next to nothing,2023-10-08 23:16:00,2023-10-08,23:16:00,-0.8442
"Wow, what a shocker!!Not really, is this the same Star Wars guy that supported Ukraine?ğŸ¤£ğŸ¤£ Of course he isâ€¦ Wanker!",2023-10-09 00:22:00,2023-10-09,00:22:00,-0.4359
Nope. that is not real action. Sending Ukraine $100 billion is real action.,2023-10-09 04:27:00,2023-10-09,04:27:00,0.0
"War War War, star wars, shit wars,Ukraine war, Armenia war, Afghanistan war, Palestine war...",2023-10-09 08:28:00,2023-10-09,08:28:00,-0.9856
IsraÃ«l est Ã  la Palestine ce que la Russie est Ã  lÂ´Ukraine. Du coup pourquoi une diffÃ©rence de traitement ??? La vue ce nÂ´est pas STAR WARS c'est pas bien contre mal. YÂ´Ã  des nuances de gris.,2023-10-09 10:32:00,2023-10-09,10:32:00,-0.7071
"So let me get this straight. Weâ€™ve had people hanging from Inflatable planes in Afghanistan, Star Wars TIE Fighters shot down in Ukraine, and now Paragliders casually soar in to the most surveillanced country in the world? KğŸ‘ğŸ» Wake me up when #TheFakery ends. #PhysicalWoundsHeal",2023-10-09 14:40:00,2023-10-09,14:40:00,-0.2441
"Mark stands with white people in Ukraine being occupied, but not brown people in Palestine. Strange logic. Maybe it is true what they say about Star Wars being racist af.",2023-10-09 15:23:00,2023-10-09,15:23:00,-0.872
"Good lord. Maybe it was her earrings that tipped them off. This is the fakest shit I have ever seen. Except maybe the Star Wars scene, being played off as the Ukraine.",2023-10-09 16:05:00,2023-10-09,16:05:00,-0.4404
#StopWAR #StarWARS #StopWARS #Ñ…Ğ°Ğ¼Ğ°Ñ #Ğ¸Ğ·Ñ€Ğ°Ğ¸Ğ»ÑŒ #Ğ³Ğ°Ğ·Ğ° #ÑĞµĞºÑ‚Ğ¾Ñ€Ğ³Ğ°Ğ·Ğ° #Ğ¿Ğ°Ğ»ĞµÑÑ‚Ğ¸Ğ½Ğ° #Ğ°Ñ‚Ğ°ĞºĞ° #Ğ²Ğ¾Ğ¹Ğ½Ğ° #ÑƒĞºÑ€Ğ°Ğ¸Ğ½Ğ° #Ğ¸Ñ€Ğ°Ğ½ #Ğ±Ğ»Ğ¸Ğ¶Ğ½Ğ¸Ğ¹Ğ²Ğ¾ÑÑ‚Ğ¾Ğº #Ğ½Ğ¾Ğ²Ğ¾ÑÑ‚Ğ¸ #Ğ¿Ğ¾Ğ»Ğ¸Ñ‚Ğ¸ĞºĞ° #gaza #israel #war #new #news #ukraine #usa,2023-10-09 16:40:00,2023-10-09,16:40:00,0.0
"Dude went over to the dark side once the Ukraine thing started (possibly even sooner). Frankly, it's a better twist than the recent Star Wars movies.",2023-10-09 16:56:00,2023-10-09,16:56:00,-0.1779
Iâ€™m fully aware of this and support Ukraine. Iâ€™m just trying to guide this conversation to a constructive discussion about what should be done because itâ€™s a very important topic.,2023-10-09 17:13:00,2023-10-09,17:13:00,0.5849
"Star Wars is dead to me since you supported Ukraine, because you have no idea what goes on outside the Hollywood bubble",2023-10-09 17:41:00,2023-10-09,17:41:00,-0.8316
"Another oddity. Remember the various war scenes â€œfrom Ukraineâ€ that turned out to be from Star Wars scenes or Afghanistan pictures! Something wicked (with the Democrats, RINOs and Hollywood) is going onâ€¦",2023-10-09 18:26:00,2023-10-09,18:26:00,-0.9041
"Is it your opinion that the Russian leadership is just Saddam Hussein evil, invading Ukraine to conquer it because it's their. That the Russian military is made up of mostly mindless bloodthirsty orks, killing and raping as they go? Star Wars in real life basically?",2023-10-09 18:58:00,2023-10-09,18:58:00,-0.97
"Why canâ€™t you seem to export this thinking to Ukraine/Russia, wherein Russia is calling for negotiations? They are doing the exact same thing demanding concessions of land they invaded illegally for some temporary â€œpeaceâ€. Which allows them to rebuild and subjugate more of ğŸ‡ºğŸ‡¦.",2023-10-09 20:12:00,2023-10-09,20:12:00,-0.2263
Ok then youâ€™re pro Ukraine,2023-10-09 22:01:00,2023-10-09,22:01:00,0.296
Do I think we have the ability to supply both with what they need? Yes. But given the slow drip weâ€™ve seen with Ukraine the last thing Iâ€™d want to see is the amount we are giving decrease because of adminâ€™s frugality with the authority theyâ€™re given,2023-10-10 11:31:00,2023-10-10,11:31:00,0.7579
"If you love Ireland, if you love the Ukraine, if you love the rebels in Star Wars then why donâ€™t you care about Palestinian lives? They have been killed and stripped of their rights for decades. Yet you stand with their oppressive government?",2023-10-10 12:10:00,2023-10-10,12:10:00,0.6767
"Ukraine is facing an even larger existential threat from an empire that has designs of spreading chaos to Europe once again. I forcefully disagree, Ukraine needs more aid and the proper tools to destroy illegal Russian occupation in their country.",2023-10-10 14:05:00,2023-10-10,14:05:00,-0.9501
"@MarkHamill So when are we expecting some shit-tier Star Wars browbeating out of you over the Israel thing like you had Ukraine? Just a reminder, you and your family are shit for encouraging a woman to abort an unborn child. Thank God she had the beautiful child.",2023-10-10 14:22:00,2023-10-10,14:22:00,0.7351
"#portfolioday Hello, I'm dijital artist Ukraine. I draw fanarts (genshin impact, star wars, countryhumans) and my ocs",2023-10-10 16:21:00,2023-10-10,16:21:00,-0.5574
"Redditors when they can't reduce a complex geopolitical conflict down to ""Rebels vs the Empire just like in Star Wars!"" (like how they treat the Ukraine War)",2023-10-10 18:02:00,2023-10-10,18:02:00,0.3382
meanwhile in Ukraine after 20 months of existential war and $100 Billions late we got Generals with Star Wars characters & men pretending to be women with a bunch of children with cartoon dog avatars directing the the strategy & raising money for mafia fraudsters,2023-10-10 18:04:00,2023-10-10,18:04:00,-0.8885
Wish they could be this punctual about M39A1s for Ukraine!,2023-10-10 18:59:00,2023-10-10,18:59:00,0.4574
"Pentagon said America has enough weapons for Israel and Ukraine, never mind their inside trading stock shares, you dirty Americans have to turn in your guns cuz climate change. America funded both sides to the war in Israel. Star Wars Palpatine did that. #IsraelPalestineWar",2023-10-10 20:10:00,2023-10-10,20:10:00,-0.9022
1973 vs 2023 ... #StopWAR #StarWARS #StopWARS #StopWAR #StarWARS #StopWARS #Ñ…Ğ°Ğ¼Ğ°Ñ #Ğ¸Ğ·Ñ€Ğ°Ğ¸Ğ»ÑŒ #Ğ³Ğ°Ğ·Ğ° #ÑĞµĞºÑ‚Ğ¾Ñ€Ğ³Ğ°Ğ·Ğ° #Ğ¿Ğ°Ğ»ĞµÑÑ‚Ğ¸Ğ½Ğ° #Ğ°Ñ‚Ğ°ĞºĞ° #Ğ²Ğ¾Ğ¹Ğ½Ğ° #ÑƒĞºÑ€Ğ°Ğ¸Ğ½Ğ° #Ğ¸Ñ€Ğ°Ğ½ #Ğ±Ğ»Ğ¸Ğ¶Ğ½Ğ¸Ğ¹Ğ²Ğ¾ÑÑ‚Ğ¾Ğº #Ğ½Ğ¾Ğ²Ğ¾ÑÑ‚Ğ¸ #Ğ¿Ğ¾Ğ»Ğ¸Ñ‚Ğ¸ĞºĞ° #gaza #israel #war #new #news #ukraine #usa,2023-10-11 00:59:00,2023-10-11,00:59:00,0.0
"Hey pro-HAMAS bots and right-wingers who eat Kremlin propaganda for breakfast, here's a great opportunity to see footage of Russian crimes in Ukraine that you guys all pretend doesn't exist.",2023-10-11 01:39:00,2023-10-11,01:39:00,0.6705
"Yes, he's a disinformation account and it's high time you recognize that. He has spewed out completely fabricated lies about Ukraine for over a year now to farm impressions.",2023-10-11 01:40:00,2023-10-11,01:40:00,0.1335
WOW Ukraine is so BASED and CHUNGUS wholesome EPIC just like the rebels in STAR WARS kicking Darth PUTLERMORT's ASS i BET they have already reached CRIMEA or at least MELITOPOL or at least TOKMAK by now RIGHT?,2023-10-11 12:57:00,2023-10-11,12:57:00,-0.4466
"Well, he is definitely hard core anti Ukraine or pro Russia, or anti unipolar or pro multipolar, or anti Israel or pro Iran-Palistine, orâ€¦ Maybe just anti-unipolar. Assume we think multipolar is more stable. The independent systems in Star Wars have more sustainable peace with independent cooperation than Domination of a single ORDER. What if the ORDER is bad or poisoned? Where can you escape? Canâ€™t a multipolar world compete or apply pressure on bad poles to make better? Maybe bad poles dominate and corrupt good ones to become bad? ğŸ¤·â€â™‚ï¸ Bottom line: what is best, safest, most stable for us, the citizens or individuals?",2023-10-11 23:10:00,2023-10-11,23:10:00,-0.718
Remember that at the beginning of the war in Ukraine they used video from a Star Wars movie complete with stormtroopers. Use your discernment when watching the video produced to sway our views of whatâ€™s happening. Old footage is also plentiful!,2023-10-12 03:58:00,2023-10-12,03:58:00,-0.8313
#StopWAR #StarWARS #StopWARS #Ñ…Ğ°Ğ¼Ğ°Ñ #Ğ¸Ğ·Ñ€Ğ°Ğ¸Ğ»ÑŒ #Ğ³Ğ°Ğ·Ğ° #ÑĞµĞºÑ‚Ğ¾Ñ€Ğ³Ğ°Ğ·Ğ° #Ğ¿Ğ°Ğ»ĞµÑÑ‚Ğ¸Ğ½Ğ° #Ğ°Ñ‚Ğ°ĞºĞ° #Ğ²Ğ¾Ğ¹Ğ½Ğ° #ÑƒĞºÑ€Ğ°Ğ¸Ğ½Ğ° #Ğ¸Ñ€Ğ°Ğ½ #Ğ±Ğ»Ğ¸Ğ¶Ğ½Ğ¸Ğ¹Ğ²Ğ¾ÑÑ‚Ğ¾Ğº #Ğ½Ğ¾Ğ²Ğ¾ÑÑ‚Ğ¸ #Ğ¿Ğ¾Ğ»Ğ¸Ñ‚Ğ¸ĞºĞ° #gaza #israel #war #new #news #ukraine #usa #bomb #goodbomb,2023-10-12 07:00:00,2023-10-12,07:00:00,0.0
"Because without ""Ukraine Aid"" paid for by U.S. tax payers for U.S. public services, how else would he support his sons business dealings and funneling money to Hamas in order to play both sides of the war like Senator Palpatine from star wars?",2023-10-12 11:10:00,2023-10-12,11:10:00,-0.25
Matt Wallace is a literal disinformation account. Itâ€™s hilarious that people are only catching on now when he has spread literal propaganda about Ukraine for the past year and a half,2023-10-12 15:20:00,2023-10-12,15:20:00,0.1779
Because they have a vendetta against anything and anyone that is associated with Trumps impeachment in 2019 for extorting Zelenskyy. Their belief that Trump isnâ€™t a criminal hinges upon Hunter Bidenâ€™s past relation with Burisma being a valid reason to withold aid to Ukraine.,2023-10-12 16:52:00,2023-10-12,16:52:00,-0.5267
Here's a whole library of fake stuff: https://www.dropbox.com/sh/p8blhm66xxva8xi/AABaKDYBgv4wolDfioubeCR7a/Ukraine%20War/Fake%20Footage%20and%20Accusations?dl=0&subfolder_nav_tracking=1 And the Starwars picture: https://www.dropbox.com/sh/p8blhm66xxva8xi/AACEKHgTSgdNBBxlgE6chO5ea/Ukraine%20War/Fake%20Footage%20and%20Accusations/From%20Videogames%20and%20Movies/Star%20Wars%20TIE%20Fighter?dl=0&subfolder_nav_tracking=1 Main Ukraine directory: https://www.dropbox.com/sh/p8blhm66xxva8xi/AACjnvZph0F9YSN0NUp65AZIa/Ukraine%20War?dl=0&subfolder_nav_tracking=1 And a link to the FARL root directory: https://www.dropbox.com/sh/p8blhm66xxva8xi/AAAA67av-1zmS2gTEhazyPXba?dl=0,2023-10-12 17:18:00,2023-10-12,17:18:00,-0.6199
"Iâ€™d be curious at what % footage coming â€œfromâ€ Gaza this past week is a direct result of this 2012 change. Considering some of the Ukraine footage in early 2022 was found to be recycled from a StarWars video game (prompting a copyright lawsuit), the playbookâ€™s clearly repeating.",2023-10-12 20:08:00,2023-10-12,20:08:00,0.6124
100% Ğ·Ğ½Ğ¸Ñ‰ĞµĞ½Ğ½Ñ Ğ²Ğ¾Ñ€Ğ¾Ğ¶Ğ¸Ñ… Ñ€Ğ°ĞºĞµÑ‚ ĞŸĞŸĞ Ğ†Ğ·Ñ€Ğ°Ñ—Ğ»Ñ! #StopWAR #StarWARS #StopWARS #Ñ…Ğ°Ğ¼Ğ°Ñ #Ğ¸Ğ·Ñ€Ğ°Ğ¸Ğ»ÑŒ #Ğ³Ğ°Ğ·Ğ° #ÑĞµĞºÑ‚Ğ¾Ñ€Ğ³Ğ°Ğ·Ğ° #Ğ¿Ğ°Ğ»ĞµÑÑ‚Ğ¸Ğ½Ğ° #Ğ°Ñ‚Ğ°ĞºĞ° #Ğ²Ğ¾Ğ¹Ğ½Ğ° #ÑƒĞºÑ€Ğ°Ğ¸Ğ½Ğ° #Ğ¸Ñ€Ğ°Ğ½ #Ğ±Ğ»Ğ¸Ğ¶Ğ½Ğ¸Ğ¹Ğ²Ğ¾ÑÑ‚Ğ¾Ğº #Ğ½Ğ¾Ğ²Ğ¾ÑÑ‚Ğ¸ #Ğ¿Ğ¾Ğ»Ğ¸Ñ‚Ğ¸ĞºĞ° #gaza #israel #war #new #news #ukraine #usa,2023-10-13 07:42:00,2023-10-13,07:42:00,0.0
"Ğ‘ĞµĞ· Ğ½Ğ°Ğ·ĞµĞ¼Ğ½Ğ¾Ñ— Ğ¾Ğ¿ĞµÑ€Ğ°Ñ†Ñ–Ñ— Ñƒ Ğ“Ğ°Ğ·Ñ–, Ñ†Ñ–Ğ»Ñ– ĞĞ• Ğ±ÑƒĞ´ÑƒÑ‚ÑŒ Ğ´Ğ¾ÑÑĞ³Ğ½ÑƒÑ‚Ñ– ! #ĞœĞµÑ‚Ñ€Ğ¾Ğ“Ğ°Ğ·Ğ¸ #StopWAR #StarWARS #StopWARS #Ñ…Ğ°Ğ¼Ğ°Ñ #Ğ¸Ğ·Ñ€Ğ°Ğ¸Ğ»ÑŒ #Ğ³Ğ°Ğ·Ğ° #ÑĞµĞºÑ‚Ğ¾Ñ€Ğ³Ğ°Ğ·Ğ° #Ğ¿Ğ°Ğ»ĞµÑÑ‚Ğ¸Ğ½Ğ° #Ğ°Ñ‚Ğ°ĞºĞ° #Ğ²Ğ¾Ğ¹Ğ½Ğ° #ÑƒĞºÑ€Ğ°Ğ¸Ğ½Ğ° #Ğ¸Ñ€Ğ°Ğ½ #Ğ±Ğ»Ğ¸Ğ¶Ğ½Ğ¸Ğ¹Ğ²Ğ¾ÑÑ‚Ğ¾Ğº #Ğ½Ğ¾Ğ²Ğ¾ÑÑ‚Ğ¸ #Ğ¿Ğ¾Ğ»Ğ¸Ñ‚Ğ¸ĞºĞ° #gaza #israel #war #new #news #ukraine #usa https://bbc.in/3Qg1giP?fbclid=IwAR1_t6vq5HHPndKpiuoFLOP8xDSbCDeEL1oopTOYAe_qJ3ycAYp82SKPSKs_aem_AeYbVVuEpFtRu3AqB_Q7BTlYniNpsfEj5qyhJvkhI7na2NBsM_3RaP_n9Fsz8aGAtcg",2023-10-13 13:47:00,2023-10-13,13:47:00,0.0
"Not sure, but yeah that figure coincides with the Battles of Sievierodonetsk and Lysychansk, the Russians just dumped an absolutely apocalyptic amount of artillery into those cities and forced Ukraine to withdraw. 7k ammo fired by Russia a month is incredibly low for them",2023-10-14 05:45:00,2023-10-14,05:45:00,-0.9839
"Jeg ved ikke, hvor mange eksempler, du Ã¸nsker, men DR bragte klip fra et videospil i en dokumentar og pÃ¥stod, at det var fra krigen i Ukraine. Det rettede de dog. Israelsk TV indsatte ragelse fra StarWars i et klip, og pÃ¥stod, at det var fra krigen i Ukraine.",2023-10-14 08:59:00,2023-10-14,08:59:00,0.0
"#Ğ˜Ğ ĞĞ Ğ¿ĞµÑ€ĞµĞ±Ñ€Ğ°ÑÑ‹Ğ²Ğ°ĞµÑ‚ Ğ±Ñ€Ğ¾Ğ½ĞµÑ‚ĞµÑ…Ğ½Ğ¸ĞºÑƒ Ğº Ğ³Ñ€Ğ°Ğ½Ğ¸Ñ†Ğ°Ğ¼ Ğ˜Ñ€Ğ°ĞºĞ°, Ğ´Ğ»Ñ Ğ²Ğ¾Ğ·Ğ¼Ğ¾Ğ¶Ğ½Ğ¾Ğ³Ğ¾ Ğ¼Ğ°Ñ€Ñˆ-Ğ±Ñ€Ğ¾ÑĞºĞ° Ğ² ĞŸĞ°Ğ»ĞµÑÑ‚Ğ¸Ğ½Ñƒ. #StopWAR #StarWARS #StopWARS #Ñ…Ğ°Ğ¼Ğ°Ñ #Ğ¸Ğ·Ñ€Ğ°Ğ¸Ğ»ÑŒ #Ğ³Ğ°Ğ·Ğ° #cekToprasa #nanecTuHa #araka #BOvHa #yKpauHa #Ğ±Ğ»Ğ¸Ğ¶Ğ½Ğ¸Ğ¹Ğ²Ğ¾ÑÑ‚Ğ¾Ğº #Ğ½Ğ¾Ğ²Ğ¾ÑÑ‚Ğ¸ #nonuTuKa #gaza #israel #war #new #news #ukraine #usa #iran",2023-10-14 10:04:00,2023-10-14,10:04:00,0.0
#Gravity âœˆï¸ #Ğ“Ñ€Ğ°Ğ²Ğ¸Ñ‚Ğ°Ñ†Ğ¸Ñâœˆï¸ ĞœĞ½Ğ¾Ğ³Ğ¸Ğµ ÑÑ‚Ñ€Ğ°Ğ½Ñ‹ Ğ½Ğ°Ñ‡Ğ°Ğ»Ğ¸ ÑĞ²Ğ°ĞºÑƒĞ°Ñ†Ğ¸Ñ ÑĞ²Ğ¾Ğ¸Ñ… Ğ³Ñ€Ğ°Ğ¶Ğ´Ğ°Ğ½ Ğ¸Ğ· Ğ˜Ğ·Ñ€Ğ°Ğ¸Ğ»Ñ Ğ»ÑĞ´Ğ¸ Ğ±ĞµĞ³ÑƒÑ‚ Ñ Ğ—ĞµĞ¼Ğ»Ğ¸ ĞĞ±ĞµÑ‚Ğ¾Ğ²Ğ°Ğ½Ğ½Ğ¾Ğ¹... #StopWAR #StarWARS #StopWARS #Ñ…Ğ°Ğ¼Ğ°Ñ #Ğ¸Ğ·Ñ€Ğ°Ğ¸Ğ»ÑŒ #Ğ³Ğ°Ğ·Ğ° #Ğ¿Ğ°Ğ»ĞµÑÑ‚Ğ¸Ğ½Ğ° #Ğ°Ñ‚Ğ°ĞºĞ° #Ğ²Ğ¾Ğ¹Ğ½Ğ° #ÑƒĞºÑ€Ğ°Ğ¸Ğ½Ğ° #Ğ¸Ñ€Ğ°Ğ½ #Ğ½Ğ¾Ğ²Ğ¾ÑÑ‚Ğ¸ #gaza #israel #war #new #news #ukraine #usa #syria #iran,2023-10-15 07:22:00,2023-10-15,07:22:00,0.0
"How a person can support Gaza and Ukraine simultaneously, without any sense of irony or awareness, has finally broken me lololol. These people literally think the world operates like a Marvel or Star Wars movie. There's no other logical explanation for it.",2023-10-15 22:20:00,2023-10-15,22:20:00,-0.2732
also he was being buddy buddy with literal NAZ!S FROM UKRAINE SO HE DID NOT GET THE POINT OF STAR WARS,2023-10-16 05:11:00,2023-10-16,05:11:00,-0.6833
Itâ€™s never the sons and daughters of the war profiteers that die on the frontlines for their country? Why was the White House blasting out the Star Wars theme? Are we at the Empire Strikes Back or Return of the Jedi stage in the saga? Eyes on Israel means eyes off Ukraine? Links?,2023-10-16 13:35:00,2023-10-16,13:35:00,-0.9367
Right out of Star Wars â€¦ through-the-goggles look at FPV droneâ€™s role in Ukraine war by â¦@AlexHortonTXâ© https://www.washingtonpost.com/world/2023/10/04/fpv-drone-ukraine-russia/,2023-10-16 18:55:00,2023-10-16,18:55:00,-0.8176
"No, this isn't Star Wars; those are tracer rounds flying towards the drone. But they didn't stop it from delivering another ""loaf"" on which the russians were riding. The ğŸ‡ºğŸ‡¦ 11th Brigade @ng_ukraine is working, along with the drone unit ğŸ‡ºğŸ‡¦""Lastivka"" and the ğŸ‡ºğŸ‡¦""Samosud"" crew. Every occupier must be eliminated. YOUR drones are helping in this effort.",2023-10-16 19:23:00,2023-10-16,19:23:00,0.6698
"Lâ€™Ã‰tat islamique dâ€™ISIS est une couverture pour les crimes dâ€™IsraÃ«l ! IsraÃ«l avait utilisÃ© le film Star Wars pour l'Ukraine, oÃ¹ se trouvent la plupart des Juifs ! Le sioniste est le plus menteur. #terrorism #attentat #Brussels",2023-10-16 23:35:00,2023-10-16,23:35:00,-0.6351
"(E) No, it's not Star Wars, it's tracer bullets flying at a drone. But they did not prevent him from hitting another loaf on which the Russians were riding. The 11th brigade @ng_ukraine, UAV unit Lastivka, crew Samosud works. Every occupier must be exterminated. Your drones help in this matter.",2023-10-17 00:54:00,2023-10-17,00:54:00,0.6061
Ğ§ĞµÑ€Ğ³Ğ¾Ğ²Ğ° ĞµÑĞºĞ°Ğ»Ğ°Ñ†Ñ–Ñ Ğ±Ğ»Ğ¸Ğ·ÑŒĞºĞ¾â€¦ğŸš€ğŸš€ğŸŒ #StopWAR #StarWARS #StopWARS #Ñ…Ğ°Ğ¼Ğ°Ñ #Ğ¸Ğ·Ñ€Ğ°Ğ¸Ğ»ÑŒ #Ğ³Ğ°Ğ·Ğ° #ÑĞµĞºÑ‚Ğ¾Ñ€Ğ³Ğ°Ğ·Ğ° #Ğ¿Ğ°Ğ»ĞµÑÑ‚Ğ¸Ğ½Ğ° #Ğ°Ñ‚Ğ°ĞºĞ° #Ğ²Ğ¾Ğ¹Ğ½Ğ° #ÑƒĞºÑ€Ğ°Ğ¸Ğ½Ğ° #Ğ¸Ñ€Ğ°Ğ½ #Ğ±Ğ»Ğ¸Ğ¶Ğ½Ğ¸Ğ¹Ğ²Ğ¾ÑÑ‚Ğ¾Ğº #Ğ½Ğ¾Ğ²Ğ¾ÑÑ‚Ğ¸ #Ğ¿Ğ¾Ğ»Ğ¸Ñ‚Ğ¸ĞºĞ° #gaza #israel #war #new #news #ukraine #usa #lran #syria #iran https://www.politico.com/news/2023/10/17/ukraine-uses-secretly-shipped-u-s-missiles-to-launch-surprise-strike-00121932,2023-10-17 15:45:00,2023-10-17,15:45:00,0.0
How long before they start making Star Wars references like NATO did for Ukraine?,2023-10-17 15:55:00,2023-10-17,15:55:00,-0.2732
"Congress needs to get its act together with the Speakership, but until then Biden has available authority for Ukraine. ATACMS could've killed those alligators at the start of the counteroffensive, so one can only imagine the future consequences of what Ukraine is missing now.",2023-10-17 18:59:00,2023-10-17,18:59:00,-0.8625
ĞŸÑ€ĞµĞ·Ğ¸Ğ´ĞµĞ½Ñ‚ Ğ“ĞµÑ€Ğ¼Ğ°Ğ½Ğ¸Ğ¸ Ğ¨Ğ¾Ğ»ÑŒÑ† Ğ¼Ğ¾Ñ€Ğ´Ğ¾Ğ¹ Ğ² Ğ¿Ğ¾Ğ»â€¦ Ğ² ĞÑÑ€Ğ¾Ğ¿Ğ¾Ñ€Ñ‚Ñƒ #Ğ‘ĞµĞ½Ğ“ÑƒÑ€Ğ¸Ğ¾Ğ½ Ğ² #Ğ¢ĞµĞ»ÑŒĞĞ²Ğ¸Ğ² Ğ’Ğ¾Ñ‚ ÑÑ‚Ğ¾ Ñ Ğ¿Ğ¾Ğ½Ğ¸Ğ¼Ğ°Ñ Ğ¿Ğ¾Ğ»Ğ½Ğ¾Ğµ Ğ¿Ğ¾Ğ³Ñ€ÑƒĞ¶ĞµĞ½Ğ¸Ğµ ğŸ¤¿ Ğ² Ğ°Ñ‚Ğ¼Ğ¾ÑÑ„ĞµÑ€Ñƒ Ğ¿Ñ€Ğ¾Ğ¸ÑÑ…Ğ¾Ğ´ÑÑ‰ĞµĞ³Ğ¾ Ğ¿Ğ¸Ğ·Ğ´ĞµÑ†Ğ°â€¦ğŸ‘ #StopWAR #StarWARS #StopWARS #Ñ…Ğ°Ğ¼Ğ°Ñ #Ğ¸Ğ·Ñ€Ğ°Ğ¸Ğ»ÑŒ #Ğ³Ğ°Ğ·Ğ° #ÑĞµĞºÑ‚Ğ¾Ñ€Ğ³Ğ°Ğ·Ğ° #Ğ¿Ğ°Ğ»ĞµÑÑ‚Ğ¸Ğ½Ğ° #Ğ¸Ñ€Ğ°Ğ½ #gaza #israel #war #new #news #ukraine #usa,2023-10-17 20:16:00,2023-10-17,20:16:00,0.0
"Rollfeldkleber (11) Hat eine Ukraine es nÃ¶tig, dass ihre Not durch gelandete Star-Wars Tie-Fighter inkl. Sturmtruppen aus einem Science-Fiction-Film veranschaulicht wird? Oder durch eine Bombe in der KÃ¼chen-SpÃ¼le? Oder durch Kaffeeklatsch mit behelmtem Kriegsberichterstatter?",2023-10-18 10:43:00,2023-10-18,10:43:00,0.0
"Ğ‘Ğ°Ğ¹Ğ´ĞµĞ½ Ğ¿Ñ€Ğ¸Ğ±ÑƒĞ² Ğ´Ğ¾ Ğ†Ğ·Ñ€Ğ°Ñ—Ğ»Ñâœˆï¸ ĞŸÑ€ĞµĞ·Ğ¸Ğ´ĞµĞ½Ñ‚ Ğ¡Ğ¨Ğ Ğ·Ğ±Ğ¸Ñ€Ğ°Ñ”Ñ‚ÑŒÑÑ Ğ¿Ğ¾ÑÑ‚Ğ°Ğ²Ğ¸Ñ‚Ğ¸ Ñ–Ğ·Ñ€Ğ°Ñ—Ğ»ÑŒÑÑŒĞºĞ¾Ğ¼Ñƒ ĞºĞµÑ€Ñ–Ğ²Ğ½Ğ¸Ñ†Ñ‚Ğ²Ñƒ Â«Ğ¶Ğ¾Ñ€ÑÑ‚ĞºÑ– Ğ¿Ğ¸Ñ‚Ğ°Ğ½Ğ½ÑÂ» Ñ‰Ğ¾Ğ´Ğ¾ Ğ¿Ğ¾Ğ´Ğ°Ğ»ÑŒÑˆĞ¸Ñ… Ğ¿Ğ»Ğ°Ğ½Ñ–Ğ² Ğ†Ğ·Ñ€Ğ°Ñ—Ğ»Ñ, Ğ¿ĞµÑ€ĞµĞ´Ğ°Ñ” Ğ°Ğ³ĞµĞ½Ñ†Ñ–Ñ #Reuters #StopWAR #StarWARS #StopWARS #Ñ…Ğ°Ğ¼Ğ°Ñ #Ğ¸Ğ·Ñ€Ğ°Ğ¸Ğ»ÑŒ #Ğ³Ğ°Ğ·Ğ° #Ğ¿Ğ°Ğ»ĞµÑÑ‚Ğ¸Ğ½Ğ° #Ğ²Ğ¾Ğ¹Ğ½Ğ° #ÑƒĞºÑ€Ğ°Ğ¸Ğ½Ğ° #gaza #israel #ukraine #usa #iran",2023-10-18 12:36:00,2023-10-18,12:36:00,0.0
"Pop cultural references are also visible. When the commander in chief of the Ukrainian army, General Zaluzhny, was filmed wearing a Star Wars Baby Grogu badge on his uniform, memes were quickly created linking ""the force"" with the Ukrainian army. Ukraine's online efforts show the importance of technology in modern wars and conflicts. While Russia tries to create uncertainty and fear online, Ukraine's strategy focuses on clear and smart communication. Both the government, the military and public authorities participate in the memetic strategy, but also many online groups and individuals contribute to this part of the war.",2023-10-18 13:58:00,2023-10-18,13:58:00,-0.8442
Ukraine often conducts raids across the Dnipro that Russians will weaponize in the information space and some on our side may jump to hopeful conclusions about. The manpower disparity for an actual breakthrough across the Dnipro compared to raids is huge. like Brigade vs company,2023-10-18 16:14:00,2023-10-18,16:14:00,0.7964
Agreed. What we need is a Pro-Ukraine Republican who's able to gain some support from the house minority so that we can get our government moving again and Ukraine on a better path to victory. We need Congress to pass authority for FY2024 to do this.,2023-10-18 18:12:00,2023-10-18,18:12:00,0.886
"For the US, Ukraine, our allies, etc? No. But these Republicans chose their fate by refusing and backstabbing Dems on deals that had made. Expecting them to help now is less feasible than 5 moderate/swing districts R's who likely lose their seats either way.",2023-10-18 18:44:00,2023-10-18,18:44:00,-0.631
"That being said, if it comes down to it, I will support a MODERATE Dem or R (including Jeffries) as long as the crucial aid bill to Ukraine is getting passed and reasonable policy to keep this country running is made. High time our politicians are forced to cooperate anyways.",2023-10-18 18:59:00,2023-10-18,18:59:00,-0.0772
"And Ukraine. Which is why you didn't get voted in, you Trumpist bozo.",2023-10-18 19:04:00,2023-10-18,19:04:00,0.0
"democrats shouldn't have helped vote out McCarthy in the first place. Remember - extremists were absolute minority - the majority of votes came from democrat scumbags, who must oppose Republicans every time, even if that means sabotaging something so vital as aid to Ukraine...",2023-10-18 19:24:00,2023-10-18,19:24:00,0.4341
"Develope Robots save millions of human lives. Hire Top war Consultant and train in war zones like Ukraine and Israel. Develope Star wars and Satelites like the ones you already own for profit. Build war equipment manufacturing plants and create jobs, maintence and tax #ElonMusk",2023-10-18 21:40:00,2023-10-18,21:40:00,-0.5106
"So.. X-Twitter-dom-->Question: Pundits say that Pres @RonaldReagan & USA drove Soviet Union into ruin by outspending on #StarWars weapons (apologies to @GeorgeLucasILM).Is #China, #Russia, #Iran together doing same to USA by fostering new Middle East war in addition to Ukraine?",2023-10-18 21:45:00,2023-10-18,21:45:00,-0.891
"The discussion around war and political satire in Star Wars continues. I feel like this clip is relevant right now more than ever with both Ukraine and Israel. I don't have much of a stance either than that killing one way or another is awful. Most people just want to go to work, make money, have a family and lead a fulfilling life. https://invidious.perennialte.ch/watch?v=5rThyXdVrxE",2023-10-18 23:08:00,2023-10-18,23:08:00,-0.9159
"ğŸ‘ï¸ The same sinister stooges (#Nazi-@CIA) @WHO set up a fight between #Russia & #Ukraine (see #2014UkraineCoup #NaziCIA #OperationPaperclip) seek to #DivideAndConquer the #MiddleEast & #China ğŸ‘ï¸ An attack on #Israel by #Hamas provoking retaliation?? ğŸ‘ï¸ ""#ItsATrap"" @starwars",2023-10-19 11:52:00,2023-10-19,11:52:00,-0.8948
"Okay he was discussing how US was the reason Vietnamese hated China without realizing that China invaded Vietnam. He stated Putin would never invade Ukraine. Heâ€™s a cool guy but Iâ€™d rather talk to him about Star Wars, which that he is hella knowledgeable on.",2023-10-19 12:49:00,2023-10-19,12:49:00,-0.7506
"Also, they will need lots and lots of JDAM + wing kit to conduct airstrikes. Russia is conduction tens of times the amount of airstrikes as Ukraine. Not only will F16 be used to negate that they also need to be able to drop bombs consistently to move the front",2023-10-19 13:00:00,2023-10-19,13:00:00,-0.2732
"Oh wonderful, now just saying that you don't like how Star Wars focuses on the Skywalkers too much triggers keywords for a barrage of anti-Ukraine, pro-Israel, pro-republican propoganda spam accounts with no pfps and nonamebunchoflettets. Love this site!",2023-10-19 18:07:00,2023-10-19,18:07:00,-0.2028
"Again, you are the person driving this narrative. A more likely option is we are Star Wars fans. The strength of #NAFO is we all have different likes and dislikes. But we all like Ukraine. Your insult show me you are losing this argument.",2023-10-19 19:38:00,2023-10-19,19:38:00,-0.8612
Dzhankoi.,2023-10-19 23:22:00,2023-10-19,23:22:00,0.0
The $100 Billion â€œEmpire Strikes Backâ€â€¦ ____________________ â€œĞ˜Ğ¼Ğ¿ĞµÑ€Ğ¸Ñ Ğ½Ğ°Ğ½Ğ¾ÑĞ¸Ñ‚ Ğ¾Ñ‚Ğ²ĞµÑ‚Ğ½Ñ‹Ğ¹ ÑƒĞ´Ğ°Ñ€â€ ÑÑ‚Ğ¾Ğ¸Ğ¼Ğ¾ÑÑ‚ÑŒÑ Ğ² 100 Ğ¼Ğ¸Ğ»Ğ»Ğ¸Ğ°Ñ€Ğ´Ğ¾Ğ² $$$â€¦ #StopWAR #StarWARS #StopWARS #Ñ…Ğ°Ğ¼Ğ°Ñ #Ğ³Ğ°Ğ·Ğ° #usa #iran #Ğ²Ğ¾Ğ¹Ğ½Ğ° #ÑƒĞºÑ€Ğ°Ğ¸Ğ½Ğ° #Ğ¸Ñ€Ğ°Ğ½ #syriy #Ğ¿Ğ¾Ğ»Ğ¸Ñ‚Ğ¸ĞºĞ° #gaza #israel #war #new #ukraine #news #MillenniumFALCON,2023-10-20 01:56:00,2023-10-20,01:56:00,-0.3612
It's worse than that Aaron. This is a disinformation imperative borrowed from the ğŸ‡·ğŸ‡º prop grapevine to delegitimize the Ukraine crisis in the eyes of the public.,2023-10-20 02:15:00,2023-10-20,02:15:00,-0.802
"If the initial story is correct, then yes. I don't know why we think Israel needs 155 more than Ukraine given they have air superiority and are mostly requesting SDB/JDAM. Unless they want to turn Gaza into a parking lot after theyre done turning it into Dresden?",2023-10-20 03:07:00,2023-10-20,03:07:00,0.6597
"It's definitely always better. What Ukraine reports is still more trustworthy, but its just a report at the end of the day and there can be a multitude of reasons why one report from one source isnt always 100% accurate.",2023-10-20 03:34:00,2023-10-20,03:34:00,0.6424
"$60 billion ""for Ukraine"" ... I wonder if that is still a $1.2 billion PDA for FY24. LOL And Biden STILL has $4.9 billion from FY23's PDA.",2023-10-20 05:46:00,2023-10-20,05:46:00,0.5473
Well for once they get rhe message that Russia is a piece of shite! Soon to be seen in Ukraine...putting Israeli tech against Russian is like taking Starwars to fight Russian kozaks! Still dont understand Arab armies buying Russian shite..look at battlefields Ukraine!,2023-10-20 13:30:00,2023-10-20,13:30:00,0.2444
Of the 100b in supplemental it looks like only 7b is allocated in PDA for FY2024. An absolute joke of a request. Do these guys even want Ukraine to hold the line much less win?,2023-10-20 17:40:00,2023-10-20,17:40:00,0.818
"Hey Ukraine, perhaps you should USE what we have sent you MORE effectivity instead of shooting like fucking starwars stormtroopers.",2023-10-20 23:32:00,2023-10-20,23:32:00,0.3612
The shit that isnâ€™t replenishment is as follows: USAI 12B FY 2024 PDA cap increase request 100m â€”> 7b FMF 7.2Bâ€”1.7b in financing for foreign sales to Ukraine/European countries who make sales to replace equipment donated to Ukraine. 3.5b for Israeli sales & 2b for indo pacific,2023-10-21 04:19:00,2023-10-21,04:19:00,-0.3182
"""Peinlicher Fehler: Israelischer TV-Sender zeigt Star-Wars-Video in Ukraine-Bericht"" https://www.stern.de/panorama/weltgeschehen/fakevideo--israelischer-tv-sender-zeigt-star-wars-video-in-ukraine-bericht-31694006.html",2023-10-21 06:55:00,2023-10-21,06:55:00,0.0
"""60 BILLION FOR UKRAINE OMGGG"" tells me you didn't even read the supplemental where over half the funds are 4 replenishing OUR stocks and strengthening OUR military. Admin is requesting 12B for USAI, for the PDA cap to be increased to 7 Billion for FY24. the 2B to Asia is for FMF",2023-10-21 18:31:00,2023-10-21,18:31:00,0.6486
"The fact that #Ukraine commercial drones are consistently able to strike this far behind the front lines is incredible, and I don't think enough people are talking about it. Only a year ago it was grenade drops with 5km reach, max. We are seeing an almost tripling of that range.",2023-10-21 19:03:00,2023-10-21,19:03:00,-0.1027
"reminds me: we need to be sending more patriots to Ukraine, at least another battery. Why arenâ€™t we doing it? Biden at least has the PDA to send one over now along with the usual stuff. We can send multiple crewed Patriot batteries and THAAD to the Middle East but none to ğŸ‡ºğŸ‡¦?",2023-10-24 04:34:00,2023-10-24,04:34:00,0.0
"Atheists have nothing to live/die for, so they treat the Ukraine conflict as their own personal Star Wars style conflict - from the safety of their computer screens, of course.",2023-10-24 16:10:00,2023-10-24,16:10:00,-0.3446
"Like, he had some takes about Ukraine that were like cmon bro but what he said wasnâ€™t even close to people like hinkle. a Russian flag at an air soft game from 2016 literally means nothing, and isnâ€™t worth doxxing this guys entire livelihood",2023-10-24 16:18:00,2023-10-24,16:18:00,0.7141
"We are the arsenal of democracy and our aid choices need to reflect that position. Ukraine is holding back the entire Russian army and we are slowrolling aid, but all of a sudden Israel wants to curb stomp Gaza and we throw in the kitchen sink. Make admin's policy make sense.",2023-10-24 16:36:00,2023-10-24,16:36:00,0.0
"There are things Ukraine needs we could be sending NOW, before Congress gets any bill together. Not to mention it would help a hell of a lot more if admin could just come out and say they want Ukraine to win against one of our great power rivals.",2023-10-24 16:38:00,2023-10-24,16:38:00,0.743
"As if walking on eggshells with Ukraine aid because of fear of crossing an arbitrary Russian â€œred lineâ€ wasnâ€™t the entire reason this mess started dating back to 2014. Stand up to Putin, or else you are feeding in to his deterrence strategy.",2023-10-24 17:18:00,2023-10-24,17:18:00,-0.7248
Both Bro. It feels like this is Star Wars Emperor Palpatine and Dooku playing both sides of the war. Russia / Ukraine too.,2023-10-24 19:41:00,2023-10-24,19:41:00,-0.6369
With no neighbors willing to help it. Very unlike Ukraine. But in all seriousness without Israel does the Middle East really become peaceful? Unlikely. The only time it was ever sort of peaceful was as part of imperial structures like the Ottoman or various Persian empires.,2023-10-24 20:14:00,2023-10-24,20:14:00,0.9278
For the Star Wars special editions Temuera Morrison recorded his lines for Boba Fett from New Zealand over the phone. Everything will be fine. For the film. idk about Ukraine.,2023-10-24 20:47:00,2023-10-24,20:47:00,-0.128
"I saw another one recently and thought the same. Boy who was clearly uninjured. They're doing the same as all the Ukraine fake videos, which got to the point of ridiculousness with fake wooden rifles, Star Wars storm troopers in the background etc",2023-10-25 07:43:00,2023-10-25,07:43:00,-0.8481
You would be a starwars nerd ğŸ¤£ğŸ¤£ğŸ¤£ How's your boy biden doing in office again? Can't even get a sentence out for himself? Yeah. Giving billions to Ukraine? Yeah. Making America the biggest joke of a country ever? Yeaaaah. Trump lives in your head rent free? Yeah.ğŸ¤”,2023-10-25 12:33:00,2023-10-25,12:33:00,0.8701
Israel has achieved ukraine harry potter star wars levels of CRINGE,2023-10-25 18:54:00,2023-10-25,18:54:00,-0.5574
"That, and thereâ€™s also something soâ€¦ patronizing, infantilizing about it. This idea that people can only understand & process these world historical events through the flimsiest of pop culture lens. Itâ€™s like when people were making HP/Avengers/Star Wars memes about Ukraine",2023-10-25 19:37:00,2023-10-25,19:37:00,-0.2732
cringe ike when Ukraine tweeted stuff about like star wars to try and compare the war there (not a defence of russia or whatever is going on there atm) just that israel looks SO bad that they're trying to frame it via kids media to show that they dont see palestinians as human,2023-10-25 19:42:00,2023-10-25,19:42:00,-0.8786
Every war from Ukraine to the future heckin star wars Harry Potter Beetlejuice reddit,2023-10-25 20:05:00,2023-10-25,20:05:00,-0.8176
I mean Ukraine was pulling similar shit with Star Wars ğŸ™„,2023-10-25 20:17:00,2023-10-25,20:17:00,-0.802
This reminds me of the Ukraine Star Wars post lmao,2023-10-25 21:16:00,2023-10-25,21:16:00,0.0772
"Well, Ukraine got Star Wars, so this is only fair.",2023-10-25 21:40:00,2023-10-25,21:40:00,-0.0516
"Cartoon ""Deadly Conflict"", episode II: First we had Star Wars with Ukraine and now thisğŸ˜‚",2023-10-25 22:07:00,2023-10-25,22:07:00,-0.5574
"I thing that fascinated me early in Ukraine war - Russian channels were packed with US pop culture meme - Star Wars especially. And they were painting themselves as the Empire without any second thought. Hey guys... you know they lost, right? ğŸ˜… Lately I have seen some US army unit doing the same.",2023-10-25 22:58:00,2023-10-25,22:58:00,-0.7717
"What is the instinct to make things like this? Consumerist things like Harry Potter, Hunger Games, Star Wars used as a lens for war support. Happened a lot with Ukraine war propaganda too. Mass Media, Zionist, CIA pipeline? Am I thinking too much on it? It really is off-putting.",2023-10-26 00:03:00,2023-10-26,00:03:00,-0.8496
"From the redditors that brought you ""the war in Ukraine is just like Star Wars""",2023-10-26 01:54:00,2023-10-26,01:54:00,-0.7184
Ukraine basically did this exact meme early on in the war. It was this or a Star Wars comparison.,2023-10-26 03:35:00,2023-10-26,03:35:00,-0.8176
I did my own research and it turns out Russia invaded Ukraine because new Star Wars went woke,2023-10-26 08:52:00,2023-10-26,08:52:00,-0.5574
"Israel's PR team seeing Ukraine's Harry Potter and Star Wars tweets flopping horrendously and thinking ""yes that'll definitely get white liberals on our side"" only for them to fail even harder is amazing",2023-10-26 15:18:00,2023-10-26,15:18:00,-0.2023
This war is fake and gay and Israel doesnâ€™t have a shred of credibility. This is as embarrassing as when Ukraine used Star Wars imagery for their propaganda. Amateur clown shit. You know whoâ€™s not cringe-posting and pandering to Disney adults? Russia and Hamas.,2023-10-26 15:53:00,2023-10-26,15:53:00,-0.9571
Did Joe let 13 service members die in Afghanistan? Did he leave a billion dollars of equipment in Afghanistan? Do you think that those weapons and the lost weapons of Ukraine (I heard that is the title of the next Star Wars) ended up with Hamas? What say you,2023-10-26 22:22:00,2023-10-26,22:22:00,-0.9143
"Please credit @Teoyaomiquu at the very least, if not actually reccokending the fundraiser. This is really shitty to take footage that is meant to promote helping Ukraine and stealing it just to help your own clicks",2023-10-27 14:59:00,2023-10-27,14:59:00,0.4228
#starwars #kherson #Ukraine,2023-10-27 17:58:00,2023-10-27,17:58:00,0.0
This is Jedi Master level cool. @MarkHamill Hey! You guys wanna see my cool Star Wars fort? https://invidious.perennialte.ch/sE1mr8iCvA8?si=eRmQgjn5VQ0wp-TK,2023-10-27 18:39:00,2023-10-27,18:39:00,0.0
"Fake news ici c pas star wars enculer arrÃªte de diffuser du faux sa t'apporte quoi tdc media de mes couille cette video on la vu 12""000 fois pour l'ukraine sa a cause des gens comme toi que les chose s'empire",2023-10-27 22:05:00,2023-10-27,22:05:00,-0.7717
I thought Ukraine was with the Dark side #Starwars #FreeGaza #FreePalestine,2023-10-28 07:58:00,2023-10-28,07:58:00,0.0
How is virtue signaling about Palestine while vehemently opposing aid to Ukraine consistent?,2023-10-28 14:27:00,2023-10-28,14:27:00,0.4215
He opposes aid to Israel and Ukraine. Desantis in contrast thinks Israel matters.,2023-10-28 14:33:00,2023-10-28,14:33:00,0.0258
Isolationism is an inherently inconsistent policy from both a standpoint of national interest and morality is what Iâ€™m getting at. But I agree DeSantis being lukewarm on Ukraine and gung Ho about Israel makes less sense,2023-10-28 14:39:00,2023-10-28,14:39:00,0.6652
"""realists"" explaining why we need to deplete existing PGM stocks to top off a country that has air supremacy over terrorists while at the same time arguing aid to Ukraine (air parity, ammo shortage) that invests in our industry should be stopped (china is outproducing us).",2023-10-28 17:19:00,2023-10-28,17:19:00,-0.7906
"Reagan bankrupted the USSR with his mostly imaginary ""Star Wars"" program as they tried to keep up leading to their collapse. Putin is doing the same thing to NATO and the US in Ukraine. He could end it any time he likes and is playing the West like a fiddle.",2023-10-28 19:17:00,2023-10-28,19:17:00,-0.1779
This ainâ€™t Star Wars bro.,2023-10-28 19:52:00,2023-10-28,19:52:00,-0.5574
"Although the war in Ukraine is being waged with a host of advanced technologies, the battlefield tends to resemble World War I more than Star Wars, writes Stephen Biddle. Why havenâ€™t cutting-edge tools revolutionized warfare in Ukraine?https://trib.al/7ZmIGv1",2023-10-28 20:11:00,2023-10-28,20:11:00,-0.9378
"The effort doesnâ€™t stop, and it is up to us the supporters of Ukraine to keep the effort alive in our words and in our actions. Luckily the wonderful @LibertyUkraineF simplifies our difference-making ability to just financial support - they do the colossal rest. Donate today!",2023-10-28 23:05:00,2023-10-28,23:05:00,0.9392
"Today, tomorrow, and the day after Ukraine is fully liberated ğŸ’™ğŸ’›",2023-10-28 23:07:00,2023-10-28,23:07:00,0.0
#GazaWar #FreePalestine #Ukraine #Netanyahu #Biden #StarWars,2023-10-29 14:47:00,2023-10-29,14:47:00,0.0
"tactically important at best, in the sense that the buildings there can help Ukraine establish a more permanent foothold on the left bank. I agree with your criticism, the distinction is important. Still good news!",2023-10-29 18:15:00,2023-10-29,18:15:00,0.906
"Maybe Ukraine can shoot more artillery in short bursts at the Russians, and that is being reported, but they cant consistently shoot more artillery. They just don't have it. Ukraine will have to rely on continuing to wear Russia out and making them pray the price for pushing.",2023-10-29 19:29:00,2023-10-29,19:29:00,-0.2144
"Actually yes, they have it. Russia has burned through their huge stockpiles and are now, like Ukraine, limited by their production.",2023-10-29 19:55:00,2023-10-29,19:55:00,0.6808
"Have and have-not is a bit of an exaggeration (admittedly on my part) - what I mean is that Ukraine's stockpiles of 155 are still nowhere near up to snuff, especially after the logistical drain of the counteroffensive.Russia probably burnt a lot, but defense naturally expends (1/",2023-10-29 21:03:00,2023-10-29,21:03:00,0.1901
"More artillery ammunition than the offense to ward off attackers. This reality may have been offset by Russia's artillery-centric offensive practices, but Ukraine could have stopped ANY advance of these meat waves in Avdiivka (and Bakhmut last year) with double the ammunition (2/",2023-10-29 21:06:00,2023-10-29,21:06:00,-0.7351
than they are currently expending. I've noticed a pattern in the Ukraine information space where Russians report an uptick of fires on telegram and everyone jumps to the conclusion that Ukraine must now have more ammo than the Russians do. All the evidence (satellite imagery (3/,2023-10-29 21:08:00,2023-10-29,21:08:00,0.0
a pyrrhic capture of the town if they really wanted. And they'll probably be able to afford pulling stupid shit like this once a year to appease their public until Ukraine is no longer limited by ammo shortages. TLDR some ammo is good,2023-10-29 21:19:00,2023-10-29,21:19:00,-0.6369
"These are the russians that claim to be ""denazifying"" Ukraine btw. Funny how it takes dunking on Biden to admit that russia brews a culture of hatred and aggression",2023-10-29 21:56:00,2023-10-29,21:56:00,-0.4019
"Russia does hate western values, I agree. The political extremes need to stop their policy of Russian appeasement and realize what supporting Ukraine means for global security",2023-10-29 22:07:00,2023-10-29,22:07:00,0.5574
You can go to NASA's FIRMS map and look at it yourself. Ukraine has gained the artillery advantage. It's just not a huge difference now. Compared to the huge advantage Russia had before.,2023-10-30 00:02:00,2023-10-30,00:02:00,0.3971
Ofc more ammo is absolutely required. Especially if we want Ukraine to push back Russia in the foreseeable future. But this is a war of attrition. It will probably not be over in a year. Constant deliveries are what Ukraine needs.,2023-10-30 00:04:00,2023-10-30,00:04:00,-0.7243
"By ""more"" I mean the consistently greater deliveries of 155mm ammunition to meet Ukrainian operational demands that we haven't been able to meet earlier bc of underproduction in the EU and US. imo, Ukraine can't win until production catches up, it won't be till at least late 2024",2023-10-30 00:16:00,2023-10-30,00:16:00,-0.1461
"Why believe a racist, transphobic, denialist of Russia's invasion of Ukraine and Trump supporter?",2023-10-30 06:52:00,2023-10-30,06:52:00,-0.4404
"Every time That Junkman triggers someone, five dollars is donated to Save the Children, a charity dedicated to helping Ukrainian children who like Star Wars. I guess you don't support Ukraine. â˜¹ï¸",2023-10-30 14:41:00,2023-10-30,14:41:00,0.7809
"I agree , most of my countrymen (US) try to see from the perspective of a Disney movie or superhero movie like marvel thinking that the world will have a clear ""Good vs evil"" like in the movies hence why Ukraine and Israel use propaganda showcasing marvel and Star wars",2023-10-30 17:25:00,2023-10-30,17:25:00,0.765
"unfortunately if we learned anything from Ukraine its that a lot of Americans dont have any understanding of the world that comes from anywhere besides Harry Potter, Lord of the Rings, Star Wars, and Marvel",2023-10-30 20:12:00,2023-10-30,20:12:00,-0.4939
"To dismiss the Ukrainian cause as hopeless is to abandon the â€œself evident truthâ€ that governs the fabric of the American nation and, by extension, the principle that all free nations should have a right to self-determination. Ukraine WILL win but only if we remember who we are.",2023-10-30 21:31:00,2023-10-30,21:31:00,0.1531
"And many of us have. We are many, we are probably still the majority, but we are not the whole. And we need to be. Ukraine to me shows how far we have drifted apart as Americans: we see foreign policy as an excuse to knock each other down rather than something to unify around.",2023-10-30 21:35:00,2023-10-30,21:35:00,0.1154
Why only 500k? Make it 600k or 700k. You guys create new numbers every day like Ukraine have received clone troopers from Star Wars.,2023-10-31 09:10:00,2023-10-31,09:10:00,0.0
"She absolutely does not talk any sense. Around a year ago she was tweeting with full sincerity that the Ukraine invasion was orchestrated by Fauci to distract from 'the waining Covid narrative', she followed accounts that believed K.Kennedy was in a satanic child sex cult FFS.",2023-10-31 17:16:00,2023-10-31,17:16:00,-0.7739
2nd best in Ukraine,2023-10-31 18:23:00,2023-10-31,18:23:00,0.6369
Ğ£ Ğ—Ğ¾Ñ€ÑĞ½Ğ¸Ñ… Ğ’Ñ–Ğ¹Ğ½Ğ°Ñ… Ñ” 63 ĞºĞ½Ğ¸Ğ³Ğ¸ Ğ’Ñ–ĞºÑ‚Ğ¾Ñ€ Ğ’Ğ¾Ğ»ĞºĞµÑ€ - ÑƒĞºÑ€Ğ°Ñ—Ğ½ÑÑŒĞºĞ¸Ğ¹ Ğ¿Ğ¸ÑÑŒĞ¼ĞµĞ½Ğ½Ğ¸Ğº #Ğ·Ğ¾Ñ€ÑĞ½Ñ–Ğ²Ñ–Ğ¹Ğ½Ğ¸ #Ğ²Ñ–ĞºÑ‚Ğ¾Ñ€Ğ²Ğ¾Ğ»ĞºĞµÑ€ #ÑƒĞºÑ€Ğ°Ñ—Ğ½Ğ° #Ğ·Ğ²ĞµĞ·Ğ´Ğ½Ñ‹ĞµĞ²Ğ¾Ğ¸Ğ½Ñ‹ #Ğ²Ğ¸ĞºÑ‚Ğ¾Ñ€Ğ²Ğ¾Ğ»ĞºĞµÑ€ #ĞºĞ½Ğ¸Ğ³Ğ¸Ğ·Ğ²ĞµĞ·Ğ´Ğ½Ñ‹ĞµĞ²Ğ¾Ğ¹Ğ½Ñ‹ #starwars #victorwalker #walker #ukraine #booksstarwars,2023-11-01 03:29:00,2023-11-01,03:29:00,0.0
Ğ¡Ñ‚ÑƒĞ´Ñ–Ñ Pixar Ğ² 1985 Ñ€Ğ¾Ñ†Ñ– ĞºÑƒĞ¿Ğ¸Ğ² Ğ¡Ñ‚Ñ–Ğ² Ğ”Ğ¶Ğ¾Ğ±Ñ #Ğ¿Ñ–ĞºÑĞ°Ñ€ #ÑÑ‚ÑƒĞ´Ñ–ÑĞ¿Ñ–ĞºÑĞ°Ñ€ #ÑÑ‚Ñ–Ğ²Ğ´Ğ¶Ğ¾Ğ±Ñ #Ğ´Ğ¶Ğ¾Ñ€Ğ´Ğ¶Ğ»ÑƒĞºĞ°Ñ #Ğ·Ğ¾Ñ€ÑĞ½Ñ–Ğ²Ñ–Ğ¹Ğ½Ğ¸ #Ğ³Ñ€Ğ°Ñ„Ñ–ĞºÑĞ³Ñ€ÑƒĞ¿ #Ğ²Ñ–ĞºÑ‚Ğ¾Ñ€Ğ²Ğ¾Ğ»ĞºĞµÑ€ #Ğ²Ğ¾Ğ»ĞºĞµÑ€ #Ñ‡Ğ¸Ñ‚Ğ°Ñ‚Ğ¸ #ĞºĞ½Ğ¸Ğ³Ğ¸ #pixar #graphicsgroup #starwars #lukas #georgelucas #stevenjobs #books #ukr #ukraine #walker #victorwalker #bestbook #like,2023-11-01 03:30:00,2023-11-01,03:30:00,0.0
"Now youâ€™re getting it. Regan bankrupted the USSR with Starwars, Putin will bankrupt the USA with Ukraine.",2023-11-01 05:15:00,2023-11-01,05:15:00,-0.5574
"there's a three-letter word that not one member of admin has said since February 24th, 2022 about Ukraine. Regardless of the political aim in bill separation, there is no possible way you could consider that an invalid point.",2023-11-01 14:54:00,2023-11-01,14:54:00,-0.296
Not such a great commander after all. Maybe he needs a Star Wars ship. Eastern and Central European countries fought many bloody wars on their path to freedom. Itâ€™s not fair but it is what it is. Current generations of Ukraine must pay the price which their predecessors signed,2023-11-01 19:48:00,2023-11-01,19:48:00,-0.78
Not such a great commander after all. Maybe he needs a Star Wars ship. Eastern and Central European countries fought many bloody wars on their path to freedom. Itâ€™s not fair but it is what it is. Current generations of Ukraine must pay the price which their predecessors signed,2023-11-01 19:50:00,2023-11-01,19:50:00,-0.78
"Tiens, jâ€™ai trouvÃ© un sujet de dÃ©bat possible, oÃ¹ on accepte des nuances, on ne sâ€™insulte pas directement. Ce nâ€™est ni lâ€™Ukraine ni la Palestine Ã©videmment, mais câ€™est lâ€™univers de Starwars. Je suis mÃªme positivement Ã©tonnÃ©, car ses amateurs ont la rÃ©putation dâ€™hystÃ©riques.",2023-11-01 22:19:00,2023-11-01,22:19:00,0.0
"""OMG Ukraine is struggling to push an illegally invading force out of its territory! Clearly instead of giving them what they need we should throw our hands up in the air about the apparent futility of our support"" imagine Roosevelt had this weak mindset supplying Great Britain",2023-11-02 01:24:00,2023-11-02,01:24:00,0.7199
"Russia uses mostly thermite munitions in Ukraine (which burn a lot hotter), not white phosphorus. 922Ms.",2023-11-02 12:56:00,2023-11-02,12:56:00,0.0
"Any more wartime Star Wars references? You were all about it when supporting Ukraine went viral. ""RESISTANCE"" lol - So what about Palestine/Israel? How does the Star Wars comparison apply there? Who are the Rebels, and who is the Empire?",2023-11-03 07:08:00,2023-11-03,07:08:00,-0.6992
Mike Iâ€™ll be honest . I hated last Jedi . Felt sorry for hamil . But recently with Hamill political views and him suppprting Biden Ukraine Israel etc has really put me off . Just numb about Star Wars and hamil,2023-11-05 00:21:00,2023-11-05,00:21:00,-0.8625
"Where, friend, do you propose they go? This is the same 'good guy'/'bad guy' foreign policy that brought the West into Vietnam, Iraq, Afghanistan and Ukraine: 'You're 'bad' so it's your fault.' We don't live in a Star Wars movie. The US administration wants oil and war with Iran.",2023-11-05 15:49:00,2023-11-05,15:49:00,-0.34
is this that amerikan trans? or do they alla look the same? You have a bigger chance to win this propaganda stunt. if u say u are a clone and ukraine is gonna win > star wars clone war ...,2023-11-06 09:52:00,2023-11-06,09:52:00,-0.1306
I can come on and talk how Star Wars influenced real life war and politics especially whatâ€™s happening in Gaza and Ukraine,2023-11-06 10:41:00,2023-11-06,10:41:00,-0.8176
"Same with Star Wars and a real world example of Ukraine. â€œItâ€™s very emotional for me because I see European people with blue eyes and blonde hair being killed, children being killed every day by Putinâ€™s missiles, helicopters and rockets,â€ said David Sakvarelidze.",2023-11-06 14:48:00,2023-11-06,14:48:00,-0.9137
"C'est votre chef des armÃ©es qui le dit , il a aussi dit que l'Ukraine est dans une impasse est qu'Ã  moins de dÃ©couvrir la poudre ( ah zut les chinois l'ont dÃ©jÃ  fait ) oÃ¹ dÃ©couvrir les armes de star Wars l'Ukraine ne gagnera pas . Soyons raisonnable arrÃªtons le massacre .",2023-11-06 15:54:00,2023-11-06,15:54:00,-0.5574
"[mark hammill, tied to a chair in a shipping container] i'm sorry for doing all the posts about ukraine, please let me die me: shut up. the hundred years war, england and france fight over english claims to the french throne. which side is Star Wars",2023-11-06 19:31:00,2023-11-06,19:31:00,-0.9186
"Ich wÃ¼rde da ja mit einem Star Wars Zitat antworten: ""Only a Sith deals in absolutes."" Ich bin weit weg davon die Bild gut zu finden, ihre Coronaberichterstattung war z.B. unterirdisch. Aber es gibt wenig bessere Podcasts zum Krieg in der Ukraine und in Israel.",2023-11-07 15:51:00,2023-11-07,15:51:00,-0.9081
Hold the line! Glory for Ukraine! Glory for the Republic! Glory to heroes! Slava Ukraine! Appreciate the well wishes! I like Star Wars too!,2023-11-07 18:36:00,2023-11-07,18:36:00,0.9599
"ğŸ˜¨ ĞŸÑ€Ğ¸ĞºÑ€Ñ– Ğ½Ğ¾Ğ²Ğ¸Ğ½Ğ¸. Ğ¤Ğ°Ğ½Ğ°Ñ‚ÑÑŒĞºĞ° Ğ»Ğ¾ĞºĞ°Ğ»Ñ–Ğ·Ğ°Ñ†Ñ–Ğ¹Ğ½Ğ° ÑĞ¿Ñ–Ğ»ĞºĞ° @TSF_Ukraine (Ğ² ÑĞºĞ»Ğ°Ğ´Ñ– ÑĞºĞ¾Ñ— Ñ Ğ½Ğ°Ğ²Ñ–Ñ‚ÑŒ Ğ¾Ğ·Ğ²ÑƒÑ‡Ğ¸Ğ² ĞºÑ–Ğ»ÑŒĞºĞ° Ñ–Ğ³Ğ¾Ñ€) Ğ¿Ñ€Ğ¸Ğ¿Ğ¸Ğ½ÑÑ” ÑĞ²Ğ¾Ñ” Ñ–ÑĞ½ÑƒĞ²Ğ°Ğ½Ğ½Ñ Ğ£ Ğ¿Ğ¾Ñ€Ñ‚Ñ„Ğ¾Ğ»Ñ–Ğ¾ Ğ¿ĞµÑ€ÑˆÑ– Half-Life, Quake 2, StarCraft, Star Wars Jedi Knight, Red Alert 2 Ñ‚Ğ° Ğ¹ Ğ·Ğ°Ğ³Ğ°Ğ»Ğ¾Ğ¼ Ğ±ĞµĞ·Ğ»Ñ–Ñ‡ ĞºÑ€ÑƒÑ‚Ğ¸Ñ… Ñ–Ğ³Ğ¾Ñ€ 2000Ñ… Ğ”Ğ°Ğ»Ñ– Ğ½Ğ° ÑĞºÑ€Ñ–Ğ½Ñ–:",2023-11-08 14:48:00,2023-11-08,14:48:00,-0.34
I chuckle a little when I think that Mark participated in the fall of Star Wars AND the fall of Ukraine. Lol,2023-11-08 21:01:00,2023-11-08,21:01:00,0.2263
"So the FABs are coming through still, albeit in less numbers than a month ago...But I'd argue the targets only get easier the further south Ukraine pushes because you cant set up strategic AD on the left bank without a bridge. And the logistical supply is still a problem",2023-11-09 14:17:00,2023-11-09,14:17:00,-0.3182
"Russians reporting piecemeal on Ukraine gaining any indirect fire control of the road could be as significant as destroying a couple trucks with FPV drones or as serious as consistent interdiction (direct fire, mortar fire)...and if I was a betting man I'd bet on door one.",2023-11-09 17:42:00,2023-11-09,17:42:00,-0.6249
thatâ€™sâ€¦.probably the worst possible analysis of the russia-ukraine war you can get. â€œthis is just like star warsâ€ makes more sense,2023-11-09 20:26:00,2023-11-09,20:26:00,-0.7579
A Star Wars/furfag/ukraine supporter! Can you be any more cringe?,2023-11-10 20:10:00,2023-11-10,20:10:00,0.3382
Right I'm not arguing the capability of GLSDB and ATACMS are interchangeable. I'm saying the overall effect of GLSDB will be limited similar to the ATACMS that Ukraine currently has because of the limited quantity being sent in the first few deliveries.,2023-11-11 17:44:00,2023-11-11,17:44:00,-0.0823
"I was expecting a bit more technology involved in the war in Ukraine-sort of Star wars level (only got meat waves and drone drop attacks.) Only after some of us pointed that drones can be used for demining, this was implemented. Moving forward there's scope for more tech .",2023-11-11 23:26:00,2023-11-11,23:26:00,-0.8625
"Yes I made it out alive...can't say the same for my bank account ğŸ¤£. And thank you, they are 13 yrs old. The calico is Samantha and the other one is Luke..Anakin...Skywalker (our youngest named him) can you tell he was obsessed with starwars ğŸ˜",2023-11-12 00:24:00,2023-11-12,00:24:00,0.5423
"Its got nothing to do with the war its twisted socialists using any event or tragedy to attack a tory govt. did the same with BLM movement. Funny they didnâ€™t protest for Ukraine, because that was too clear cut to stir up political unrest. Sad weird people, socialists.",2023-11-12 15:09:00,2023-11-12,15:09:00,-0.93
"Peace would be nice. When it gets outside of shitty little rockets, it becomes Reagan's Star Wars. I hope we see peace in the Levant and Ukraine very soon. I'll stop talking now.",2023-11-12 16:43:00,2023-11-12,16:43:00,0.4654
Star-Wars-Video wurde fÃ¼r Ukraine-Berichterstattung genutzt https://p.dw.com/p/480NQ?maca=de-Twitter-sharing,2023-11-13 10:30:00,2023-11-13,10:30:00,0.0
"Started to see this in the early months of the Ukraine war w/ all the Avengers/Star Wars memes but what's going on in Gaza feels like the first truly internet-poisoned conflict. IDF doing hot babe tiktoks, national accounts posting smolbean tweets; off-the-charts Verhoeven shit",2023-11-13 17:59:00,2023-11-13,17:59:00,-0.6705
"James licensed his voice as Darth Vader from 1977 to Lucas Film for use in this and future Star Wars projects. Ukraine company, Respeecher, developed this voice clone.",2023-11-14 02:14:00,2023-11-14,02:14:00,-0.5574
isnt that the thing from star wars,2023-11-14 13:42:00,2023-11-14,13:42:00,-0.5574
That sounds accurate. Ukraine hasnâ€™t had more than a few companies over on the left bank for a while now to have a minimal logistical footprint (resupply by boats). They would need to create a bigger buffer zone to make a brigade+ sized investment across the water,2023-11-14 17:56:00,2023-11-14,17:56:00,0.2732
"Kaputtesten (12) Der Mann, der als Korrespondent aus der Ukraine schnell nach PalÃ¤stina gebeamt wurde. Ist er wirklich hier oder dort? Steht er nur vor einem Greenscreen im Studio? Warum landeten Star-Wars-Raumschiffe in der Ukraine?",2023-11-16 10:42:00,2023-11-16,10:42:00,0.0
Hopefully something good comes out of this in terms of pressure to provide Taurus and joint deliberation on bolstering Ukraineâ€™s air/AD capabilities for the spring.,2023-11-16 14:37:00,2023-11-16,14:37:00,0.5267
"""OMG OMG it's just like the Naboo Hangar in the Phantom Menace"" #Resistance #StandWithIsrael Joking aside I hate Star Wars fans when they did this over Ukraine",2023-11-17 01:06:00,2023-11-17,01:06:00,-0.7964
"I wonder why UKRAINE don't break down Crimean Bridge? Is it secretly under Peace Negotiation, RUSSIA request is, Don't break down Crimean Bridge? Crimean Bridge down, PUTIN also down, it makes difficult to negotiate? No S-300/S-400 near Crimean Bridge?",2023-11-17 13:10:00,2023-11-17,13:10:00,-0.2869
The more you know... Who funded HAMAS? Who trained them & where? Same question for NeoNazis and Nazis in #Ukraine Answer is probably the same in both Are we in #Syria legally? Or are we just stealing and controlling their oil by force? #TradeFederation #StarWars,2023-11-18 08:54:00,2023-11-18,08:54:00,-0.644
"Lol, ""Star Wars"" was a pipe dream back in the 80's when Regan proposed it, and it still is. And if you are so pumped up to go fight for Ukraine and Israel, then by all means, get on a plane and go do so. Stop advocating for sending others for something you won't do.",2023-11-20 19:42:00,2023-11-20,19:42:00,-0.6447
"Who would stop them? The Russians are using Ukraine to drain the military supplies and destroy the economies of the west, same thing that Reagan did with Starwars.",2023-11-22 00:20:00,2023-11-22,00:20:00,-0.6908
1200 of those expired atacms that you know work because Ukraine fired some from â€˜96 would really help make Ukraine a â€œfighting force for the futureâ€. So why arenâ€™t you sending them?,2023-11-22 18:51:00,2023-11-22,18:51:00,-0.1548
"Thanks so much for doing what you do, Constantine. You, @TonyaLevchuk, @YuliiaStetsk, and everyone at @LibertyUkraineF are indispensable not only for your work for Ukraine but to people like me who want to think they are making a small difference by donating to a good cause.",2023-11-22 20:08:00,2023-11-22,20:08:00,0.8591
"Duck Vader und der Meister Urbi wan Orbi. Muss man nicht wissen. Kein Problem. Ist lustig, da zuzuhÃ¶ren. Schwierig ist allerdings, wenn Expertentum in Anspruch genommen wird. Ihre Ukraine-Takes hÃ¶ren sich fÃ¼r einige so an, wie das, was Ihr hier Ã¼ber Star Wars hÃ¶rt.",2023-11-23 07:55:00,2023-11-23,07:55:00,-0.743
"Und nein, niemand muss alle Star Wars Namen kennen, aber dann auch nicht drÃ¼ber fachsimpeln! Aber das erklÃ¤rt die ganze ""Russland-Ukraine-Expertise"" dieser Leute. ""Naja, dieser Selenki, der ist doch Oligarch. Und Kief war mal Russland. Damals, als Peter der Kleine regierte!""",2023-11-23 09:42:00,2023-11-23,09:42:00,-0.9183
"â€œViel Du noch lernen musstâ€ (nicht nur zu Star Wars, sondern auch Russland-Ukraine und eigentlich ziemlich alles was GuÃ©rot so kommentiertâ€¦)",2023-11-23 14:18:00,2023-11-23,14:18:00,-0.5574
"Erstaunlich, wie schmerzfrei diese Dame ohne ZÃ¶gern kenntnisfreien Unsinn raushaut. Wenn sie das bei sowas trivialem wie StarWars kann, am Ende kann sie das genauso bei wichtigen Themen wie Corona, Ukraine, ...? Nur so eine Vermutung.",2023-11-23 14:22:00,2023-11-23,14:22:00,0.0
"An example that should be a warning sign for all media - just because someone speaks with a lot of conviction it does not make the person an expert. Here Ulrike Guerot on Star Wars (but who held equally confused but strong opinions on the Ukraine war, EU integration and more.)",2023-11-23 16:16:00,2023-11-23,16:16:00,-0.6757
"Frau @ulrikeguerot, fÃ¼r Sie als Ukraine und Star Wars Expertin relevant.",2023-11-23 16:56:00,2023-11-23,16:56:00,-0.5574
"Na immerhin hat sie von Star Wars mehr Ahnung als von Politik, dem Krieg in der Ukraine oder sonst irgendwas zusammen.",2023-11-24 00:10:00,2023-11-24,00:10:00,-0.5574
@russia @POTUS @KremlinRussia_E @Ukraine @UN @TheTweetOfGod @jesus @sweden @NATO @jong_unDPRK @elonmusk @X @ShafiDev @SpaceX @Spotify @BBCWorld @instagram @YouTube @Roblox @Minecraft @Mojang @FortniteGame @starwars @UnrealEngine @Dream @RickandMorty @peacock @Disney @Pixar @HBO,2023-11-24 12:23:00,2023-11-24,12:23:00,0.0
@russia @POTUS @KremlinRussia_E @Ukraine @UN @TheTweetOfGod @jesus @sweden @NATO @jong_unDPRK @elonmusk @X @ShafiDev @SpaceX @Spotify @BBCWorld @instagram @YouTube @Roblox @Minecraft @Mojang @FortniteGame @starwars @UnrealEngine @Dream @RickandMorty @peacock @Disney @Pixar @HBO,2023-11-24 12:24:00,2023-11-24,12:24:00,0.0
"#UkraineWar #Ukraine #FRussia Hey, they look like the rebels in Star Wars! They need their X-Wings! How about the F16 to start? ğŸ––",2023-11-24 17:12:00,2023-11-24,17:12:00,-0.5399
"Last night, ğŸ‡ºğŸ‡¦ Ukrainian Air Force sources reported a substantial deployment of Shahed-131/136 one-way attack drones by ğŸ‡·ğŸ‡º Russian forces in Ukraine, as per Ukrinform. The primary focal point of this assault was the capital, Kyiv, drawing comparisons to a ""star wars"" scenario.",2023-11-25 08:02:00,2023-11-25,08:02:00,-0.886
"3) Krieg in Gaza, Golan, Libanon & spÃ¤ter auch Syrien. Kein weltweiter Aufschrei ! #Bidens Biolabore in Ukraine kÃ¼mmern keinen. Beides, - #Bidens Treiben & #Trump's MAGA ist besorgniserregend. ""Kriege haben noch nie jemanden groÃŸ gemacht"" Yoda, Star Wars. https://www.msn.com/en-us/news/world/trudeau-blames-right-wing-american-maga-after-canadian-conservative-party-votes-against-ukraine-bill/ar-AA1kwEf1?ocid=Aloha",2023-11-25 23:51:00,2023-11-25,23:51:00,-0.5983
Did you watch Star Wars? Ukraine is Rebel Alliance. JFC. ğŸ˜’,2023-11-26 08:00:00,2023-11-26,08:00:00,-0.6369
"White people can only recognize oppression when itâ€™s white people being my oppressed. Look at how they are to justify Jan 6th, Ukraine Hunger games and Star Wars.",2023-11-28 15:50:00,2023-11-28,15:50:00,-0.8271
"Ich bin so froh, dass Baerbock Russland und China gleichzeitig den Krieg erklÃ¤rt hat. Wenigstens eine die mal richtig harte Kante zeigt. Und zusammen mit ""Star-Wars"" Pistolius werden wir bald auf dem Roten Platz stehen ... #Baerbock for President in Ukraine ! #Lanz #Maischberger",2023-11-28 16:55:00,2023-11-28,16:55:00,-0.636
Bro now has both the Israel and Ukraine flags in his bio lmao. Which is it? If you think Russia is imperialist and Ukraine the smol bean defenders and yet you also think fucking ISRAEL is on the defensive while they commit genocide on live TV you have lost the fucking plot.,2023-11-28 19:56:00,2023-11-28,19:56:00,0.6369
"Ukraine gifts are money laundered. This is proven thru the fact that there's very little evidence of war. With all the cell phones in use should be daily evidence, not a couple enacted videos. One even had 4 second Star Wars clip.",2023-11-28 23:30:00,2023-11-28,23:30:00,-0.804
"All of f** Eastern Europe would like a word with you. Ukraine would like a word with you about their situation right now. Open your eyes, you ideologue. Youâ€™re no better than a Bolshevik.",2023-11-29 23:42:00,2023-11-29,23:42:00,0.6908
"Well, he's fortunate that final judgement isnt reserved for twitter. Mearsheimer (about Ukraine) said in an interview in 2015 that only he and Kissinger held the opinion that Crimea and Donbas was instigated by US mischief. with 1 left I hope academia moves on from this nonsense",2023-11-30 03:30:00,2023-11-30,03:30:00,0.3127
Jabutee was an outstanding member of the OSINT/Ukraine community. Itâ€™s sad to see them go and furthermore infuriating that threats to Jabutteeâ€™s security are what caused this.,2023-12-01 00:21:00,2023-12-01,00:21:00,-0.4404
"Yes Saab, we both know our defensive space tech has profoundly improved in 40yrs. â€œThe Day After,â€ was filmed in 1982, released in â€˜83. Star Wars, brilliant pebbles & 2 we wont mention here, are 40yrs advanced/perfected. A bit like multiple defensive space reaper sovereigns.",2023-12-02 09:24:00,2023-12-02,09:24:00,0.8271
"Cover in some intersectional logos: blm, lgbt, antifa, hamas, che Guerra face, coexist, resist capitalism, apple, starbucks, ukraine, and star wars.",2023-12-02 14:36:00,2023-12-02,14:36:00,-0.5574
"You can send them for free rhe star wars entire empire fleet, and it would not make a difference, they will still be trying to advance in verbobe, fighting to keep robotyne, and losing klischiivka. Ukraine doesnt have a capable military period.",2023-12-02 14:46:00,2023-12-02,14:46:00,-0.7639
"Thank you, Ivanna Sakhno, for signing this. Ukraine will always have my support. It was amazing to see you, and I hope to see more of you in Star Wars. Glory to Ukraine ğŸ‡ºğŸ‡¦",2023-12-03 03:31:00,2023-12-03,03:31:00,0.8957
"same for Ukraine, Home Alone, Die Hard and Star Wars are (or at least were since I haven't watched tv since 2014) ""Christmas movies"" here, Lord of the Rings being ""easter movies""",2023-12-03 04:47:00,2023-12-03,04:47:00,-0.872
What does live as a free man mean? I have more freedom of speech in Hungary than I ever did growing up in the US. Also youâ€™re creating a false dichotomy. The two choice arenâ€™t â€œsupport Ukraine or be invaded by Russiaâ€ this isnâ€™t Star Wars or some Disney movie with good and evil,2023-12-03 17:47:00,2023-12-03,17:47:00,0.6801
"To all the so-called Republicans who donâ€™t want to support Ukraine: YOU are the RINOâ€™s. Ronald Reagan spent billions of dollars on Star Wars, spent a significant amount of time in negotiations (and in making sure his warnings were believed when negotiations stalled), and an immeasurable number of hours & days in worry & strategic planningâ€¦and succeeded in not only ending the Cold War, but in negating the threat Russia (USSR was the name at the time, but Putin has made Russia an almost mirror image of the USSR regarding threat to the West). We now have a chance to stop Russia in their tracks, with a relatively low cost in dollars and no American loss of life. Ukraine has the courage to fight Russia for ALL of us. Without continued funding, Ukraine may fail. And, ğ‘¹ğ’†ğ’‘ğ’–ğ’ƒğ’ğ’Šğ’„ğ’‚ğ’ğ’” are the ones saying â€œNo. We wonâ€™t help Ukraine.â€ ğ‘¹ğ’†ğ’‘ğ’–ğ’ƒğ’ğ’Šğ’„ğ’‚ğ’ğ’”, who used to believe a strong military has deterrent value, are digging in and blocking at least 350 military nominees for leadership positions. You are NOT Republicans. You are populists who have taken over the Republican Party & the Republican name. You are, in fact, RINOs.",2023-12-04 12:35:00,2023-12-04,12:35:00,-0.9136
"Thank you,Ivanna for being just an amazing person ğŸ˜€I hope to see you again. Can't wait for more Shin hati action with you in it. May the force be with you and Ukraine ğŸ‡ºğŸ‡¦ .#StarWars #Ukraine",2023-12-04 13:53:00,2023-12-04,13:53:00,0.8481
It was first STAR WARS shown in Ukraine. FIRST. It was Geogreous,2023-12-05 08:49:00,2023-12-05,08:49:00,-0.6523
"Just learned about this. The red & black flag is the symbol of Ukrainian Insurgent Army during WW2 that commited a brutal #genocide against Poles in Galiciaâ€“Volhynia, and are now recognized as veterans in Ukraine. This is not the Light Side of the Force. â˜¹ï¸ #StarWars #WoÅ‚yÅ„",2023-12-05 20:00:00,2023-12-05,20:00:00,-0.6249
Russia can take Ukraine any time they like. Putin is playing the west like a fiddle. He's doing what Reagan did to Russia with the Star Wars hoax. Thinking the US actually had hardware in space Russia nearly bankrupted itself trying to keep up. At the time our program was only conceptual.,2023-12-06 05:00:00,2023-12-06,05:00:00,0.0258
Ukraine ahh sentence. Only thing missing is a Star Wars reference,2023-12-06 16:37:00,2023-12-06,16:37:00,-0.6705
"Yeah, covidâ€¦ and the credit bubble, recession, election, Supreme Court and now the war in Ukraine and Israelâ€¦",2023-12-06 19:15:00,2023-12-06,19:15:00,0.1779
Brutalism Monuments / Architecture / Soviet Union / Eastern Europe / belarus / bulgaria /czechrepublic / hungary / moldova / poland /romania / russia / slovakia /ukraine /slavmemes / georgia /prypiat / Star Wars,2023-12-06 20:23:00,2023-12-06,20:23:00,-0.5574
#Biden is living in another world. It's like watching Star Wars with #NATO being the personification of the evil Empire and the US is Emperor Palpatine who is really Dark Sidious. Anyone with a brain cell can see #Ukraine has lost the war and will soon become part of #Russia.,2023-12-07 15:52:00,2023-12-07,15:52:00,-0.9136
"they want this for free?. Give ukraine the entire star wars empire weapons, with the jedi, and storm troopers, the billions of clones, and they still going to be trying to advance in verbove 5 years from now.",2023-12-08 03:31:00,2023-12-08,03:31:00,-0.7351
Like a Star Wars movieğŸ˜‚ğŸ«¶ slava Ukraine,2023-12-08 09:20:00,2023-12-08,09:20:00,-0.2732
We're trying to tell you why your belief of Ukraine being a beacon of democracy makes no sense. No democratic country suspends elections. If you've ever watched star wars you'll see a parallel between zelenskiy using a war to gain power and Palpatine.,2023-12-08 21:43:00,2023-12-08,21:43:00,-0.8176
"SU-35S = star wars X wing , its so great it can fly over outer space and destroy 100,000 alien aircraft Not In reality, with SU-35s & SU-57, russia still cannot gain air superiority over Ukraine russia is the biggest joke, spreaded communism to share equality but most corrupt",2023-12-08 23:23:00,2023-12-08,23:23:00,-0.1619
"Goddammit, it's gonna be the Ukraine and Russia star wars post all over again",2023-12-09 03:05:00,2023-12-09,03:05:00,-0.5574
"Truth in the movies, lies in the news... #Andromeda #Movies #SkyEvent #DEWS #Blackouts #Ukraine #StormElin #StormAlien #AI #Robot #StarWars #WWIII",2023-12-09 18:07:00,2023-12-09,18:07:00,-0.128
"I think we are in the dangerous brink right now and will be for the next few months. I share with you the sense we ""could"" all be doomed. But, I think the Force Is With Us, to use a Star Wars ref. Putin is going to lose cause he must. Trump/Putin are in their last desperate acts",2023-12-10 14:30:00,2023-12-10,14:30:00,-0.9377
Star Wars is a better allegory for Russia/Ukraine than the presented Vietnam/America,2023-12-11 17:15:00,2023-12-11,17:15:00,-0.1779
"Taylor Swift, porn, Trump, Taylor Swift, How to be Tik Tok Famous, porn, Taylor Swift, Lizzo, Kathleen Kennedy, [insert favorite conspiracy theories here] Disney, Star Wars, porn, DeSantis, Israel, Gaza, Ukraine, porn, Taylor Swiftâ€¦",2023-12-12 03:55:00,2023-12-12,03:55:00,-0.1531
Why is that important? Ukraine was once part of the USSR. How did that negatively affect us? We outspent the USSR on military spending/Star Wars and destroyed the Soviet Union by crashing their economy. The Soviet Union is now returning the favor.,2023-12-12 21:32:00,2023-12-12,21:32:00,-0.5661
"Itâ€™s the only fight putler has left in him: hate. Itâ€™s time to kill that hate. This isnâ€™t Star Wars, youâ€™re not a Sith Lord and your hate will not make you stronger. Itâ€™s time to support Ukraine in the best ways possible. It always gets darkest before the dawn.",2023-12-12 23:15:00,2023-12-12,23:15:00,-0.9661
Oi! I grew up with Tolkien and Star Wars. I'm nothing but supportive of Ukraine. Check my tweets I spend every day throwing them support. Back the fuck off from us righteous nerds ğŸ–•ğŸ˜­ğŸ˜‚,2023-12-13 00:04:00,2023-12-13,00:04:00,-0.7289
#Reagan hat (unter anderem) die #udssr mit seinen #starwars (und finanziellen ressourcen) schneller in den ruin und zerfall getrieben ...jetzt schein #putinwarcriminal seine Ressourcen zu nutzen um es umgekehrt zu spielen (zumindest in bezug auf die #Ukraine,2023-12-13 09:24:00,2023-12-13,09:24:00,-0.9118
"Braun is an anti-vaxxer, is against EU, Ukraine, Germany, LGBT, supports total ban of abortion and was the only one politician in the POL parliament who didn't support Finland's and Sweden's accession to NATO. He is pro-Kremlin and says... weird stuff about Star Wars.",2023-12-13 11:32:00,2023-12-13,11:32:00,-0.8252
"Great, it upgrades our Defense Industrial Base --- $$ spent for Ukraine is ~ spent in the US. Big plus! Sloughing off our downrev equipment is also a plus. But budget-busting, debt-ballooning, spending is killing us. ""There's a war on"" = Russia's answer to Star Wars spending.",2023-12-13 13:51:00,2023-12-13,13:51:00,-0.9505
"Well, they (the contractors, I mean) are the main beneficiaries of money ""for Ukraine"".",2023-12-13 14:15:00,2023-12-13,14:15:00,0.5994
"fighting for freedom is terror attacks now? you see this in fiction all the time in star wars, hunger games, harry potter ans even in one piece. hell it's even happened with russia vs ukraine. but when palestinians fight back against a pathetic occupation it's terrorism is it?",2023-12-13 14:30:00,2023-12-13,14:30:00,-0.9753
Biden's overspending on Putin's invasion of Ukraine is similar to Russia's overspending on Regan's Star Wars (SDI). The end result isn't going to be good. https://www.wsj.com/articles/defense-bill-congress-president-biden-pentagon-russia-china-taiwan-e464e59f?st=4snpwkqbcdaikwf&reflink=desktopwebshare_permalink,2023-12-13 17:17:00,2023-12-13,17:17:00,-0.1779
Putin is delighted the US is going to bankrupt itself over Ukraine the way the Star Wars Defense Initiative under Reagan bankrupted the Soviet Union. Scared the Russians into spending itself broke...just like what you're doing at Ukraine's behest.,2023-12-13 17:46:00,2023-12-13,17:46:00,-0.5859
The best Birthday present I ever got. My son thinks that baby Yoda #yoda is a compulsory adjunct to my missions in Ukraine! #Ukraine #WarinUkraine #defender #babyyoda #yoda #StarWars,2023-12-14 20:23:00,2023-12-14,20:23:00,0.6696
"3. Whatever range Ukraine gets next, that fucking bridge must go away for ever.",2023-12-15 16:14:00,2023-12-15,16:14:00,0.0
Number one in this demo with @flyymartyy #BONK #heartattack #MSDhoni #RohitSharma #SalaarCeaseFireOnDec22 #Ukraine #Ø§Ù„Ø§ØªØ­Ø§Ø¯_Ø§Ù„Ø§Ù‡Ù„ÙŠ_Ø§Ù„Ù…ØµØ±ÙŠ #StarWars #FinalFantasy,2023-12-15 18:44:00,2023-12-15,18:44:00,0.0772
Brilliant minds from each country working together to explore other solar systems and planets north South Korea USA and Japan Russia who ever Ukraine imagine a starwars or halo universe,2023-12-16 13:57:00,2023-12-16,13:57:00,0.5859
"ĞšÑƒĞ¿Ğ¸Ğ»Ğ¸ ÑĞ¾Ğ±Ñ– Ğ½Ğ° Ğ Ñ–Ğ·Ğ´Ğ²Ğ¾ Ğ² Ğ¿Ğ¾Ğ´Ğ°Ñ€ÑƒĞ½Ğ¾Ğº Ñ‚ĞµĞ»ĞµĞ²Ñ–Ğ·Ğ¾Ñ€ Ğ½Ğ° ĞºÑƒÑ…Ğ½Ñ, Ğ²Ğ¸Ğ¿Ğ°Ğ´ĞºĞ¾Ğ²Ğ¾ ÑƒĞ²Ñ–Ğ¼ĞºĞ½ÑƒĞ² ĞœĞ°Ğ½Ğ´Ğ°Ğ»Ğ¾Ñ€Ñ†Ñ - ÑĞºĞ¸Ğ¹ Ğ¶Ğµ Ğ³Ğ°Ñ€Ğ½Ğ¸Ğ¹ ÑĞµÑ€Ñ–Ğ°Ğ» Ñƒ Ğ²ÑĞµÑĞ²Ñ–Ñ‚Ñ– Ğ—Ğ’. ĞšĞ¾Ğ»Ğ¸ Ğ²Ğ¶Ğµ Ğ¼Ğ¾Ğ¶Ğ½Ğ° Ğ±ÑƒĞ´Ğµ Ğ»ĞµĞ³Ğ°Ğ»ÑŒĞ½Ğ¾ Ğ¿Ğ¾Ğ´Ğ¸Ğ²Ğ¸Ñ‚Ğ¸ÑÑ Disney? #StarWars #PS5 #Ukraine #Ñ…Ñ‚Ğ¸Ğ²Ğ¸Ğ¹Ğ¿Ğ¾Ğ½ĞµĞ´Ñ–Ğ»Ğ¾Ğº",2023-12-16 20:19:00,2023-12-16,20:19:00,0.0
"An Army of Drones for #Ukraine A year ago @Markham ill #MarkHamill #LukeSkywalker of #Starwars #UNITED24 ambassador, guardian of its defenders - raised over $1.5mill+ for 10 RQ-35 Heidrun reconnaissance drones to protect military on the #frontline.",2023-12-16 21:51:00,2023-12-16,21:51:00,0.0258
"â€œAUCTION for Oleg and the boys from @adam_tactical ğŸ”¥ We are auctioning off this complete set of items from Ukraine - two cartridges (caliber 30x165 and .308 Win) with a Star Wars theme and a tactical group Adam patch ğŸ‡ºğŸ‡¦ We are starting right now with the amount of CZK 1,977. The end of the auction is set for 12/21/2023 at 18:00 (CET). You can bid in the auction directly under this tweet or in DMs (if you want to be anonymous). Attention. If you are a non-EU resident, please consider whether these items can be shipped to your country before bidding. We will be grateful for your like, retweet or comment. Thank you in advance! ğŸ’™ğŸ’› â€œ #TeamAdamTG #NAFO #NAFOFellas",2023-12-16 23:27:00,2023-12-16,23:27:00,0.7424
"When this crusade against Russia started and endless people in the US were cheering for Ukraine like they were the Jedi from Star Wars, I told everyone they needed to read one book. Virtually no one did. This was compiled by the US Army after WWII by interviewing German troops.",2023-12-17 07:48:00,2023-12-17,07:48:00,-0.0
"Putin's play has been brilliant. Ukraine is his Star Wars project i.e. Reagan bankrupted the Soviet Union with Strategic Defense Initiative, Star Wars. Putin is bamkrupting the US via blind aid to Ukraine - brilliant. The Biden Construct has bungled Ukraine worse than Afghanistan. Taken together - the worse military/strategic decisions ever made.",2023-12-17 18:46:00,2023-12-17,18:46:00,-0.6808
"Orban is a dick, but I like this picture that accompanies the link--it gives me STAR WARS vibes! May The Force Be With Ukraine! Hungary blocks EU financial aid package for Ukraine | Reuters https://www.reuters.com/world/europe/eu-set-summit-showdown-ukraine-with-hungarys-orban-2023-12-13/?utm_source=Sailthru&utm_medium=Newsletter&utm_campaign=Daily-Briefing&utm_term=121423&user_email=98d764451a65300b0d8da115b2dba0de88b1478d3cd6391d6dfc476b456afbe8",2023-12-19 00:02:00,2023-12-19,00:02:00,-0.8331
The Star Wars sand people are triggering ww3?? Ukraine is so jealous rn.,2023-12-19 20:45:00,2023-12-19,20:45:00,-0.8328
"I just listed 7 items for sale via https://pro.opensea.io/profile ğŸ’ Collections: Art from VetalChoo: Star Wars #8, Fairy tale #11, Fairy tale #5, Fairy tale #2, Fairy tale #1, Ukraine - we are with you!: Stop War in Ukraine!, Russi ğŸ·ï¸ Marketplaces: OpenSea",2023-12-20 12:30:00,2023-12-20,12:30:00,-0.8829
Ukraine and Russia war beg to differ . Or even Hamas and Israel war still proves you wrong unless u mean star wars.,2023-12-21 04:17:00,2023-12-21,04:17:00,-0.9382
"Jews destroyed 500,000 humanity deaths in Ukraine. Russia is smart. Putin is not interested in ethic cleansing and bombs. It war like the famous star wars. Russia of Putin is an aspect positive. Ukraine's President is an aspect of negative hate crime, jealousy, etc for a reason.",2023-12-21 17:40:00,2023-12-21,17:40:00,-0.9542
"""Something nice from #russia?"" A cat has gone viral online and looks like a hologram . The Russian Blue cat's name is Zoro. He lives in New York. This cat wouldn't be lost in Star Wars. ğŸ‘‰ Ax +18. Subscribe #ukraine #putinisamasskiller #putinisawarcriminal @kardinal691",2023-12-21 19:17:00,2023-12-21,19:17:00,0.3944
aswesome news. i think moroe patriots are needed before f16s. f16s are our workhorse fighter thats usually protected by all the starwars crazy tech fighters like the f35 we have. its gonna be tough for ukraine to protect them. Slava Ukraine. Death to the occupiers,2023-12-22 16:59:00,2023-12-22,16:59:00,0.1531
Rebel Moon Review: Zack Snyderâ€™s Star wars built upon Ukrainian Rebellion against Russia! Read the Article ğŸ¬ğŸ‘‡ğŸ¬ https://south.one/rebel-moon-review-zack-snyders-star-wars-built-upon-ukrainian-rebellion-against-russia/ #RebelMoon #Russia #StarWars #UkraineRussiaWar #ZackSnyder #Ukraine #Holodomor #RebelMoonBlues #Netflix @NetflixIndia @Netflix_INSouth @netflix @ZackSnyder,2023-12-23 01:28:00,2023-12-23,01:28:00,-0.7177
Including: death star (from Star wars) for Ukraine to use against Russia,2023-12-23 14:52:00,2023-12-23,14:52:00,-0.5994
"Also, the original trilogy had allegories for the Vietnam War. Imagine if Star Wars did that for the current Ukraine War.",2023-12-24 18:42:00,2023-12-24,18:42:00,-0.8779
Give your Star Wars money to the ukraine. I owe that short little dictator Zelenskyyyyy nothing.,2023-12-25 16:03:00,2023-12-25,16:03:00,-0.5574
Rebel Moon is Star Wars + Dune + Ukraine/Russia war metaphors + Star Trek Borg Queen + Ghibli robots + Seven Samurai + Mamoru Oshii's (Avalon/Ghost in the Shell) looking protagonist. Shake and stir well. Entertaining but unoriginal. Worth a watch? Sure. Just don't overthink it,2023-12-26 16:42:00,2023-12-26,16:42:00,0.34
"Yes not a proof. Pentagon has a lot of plans, remember the ""Star Wars"" initiative using lasers to shoot down ICBM's? Israel used a F35 to shoot down a conventional cruise missile, so fucking what? I can show you video from Ukraine of a manpad doing the same. Unserious!",2023-12-27 16:00:00,2023-12-27,16:00:00,-0.747
A most impressive snow sculpture. â„ï¸ #StarWars,2023-12-27 21:00:00,2023-12-27,21:00:00,0.5563
"No way people are siding with Star Wars Theory over Mark Hamill on a topic that was so wildly controversial a really important and relevant strike against it had to happen in Hollywood. Be better Star Wars fandom, Jesus Christ.",2023-12-28 02:02:00,2023-12-28,02:02:00,-0.7897
"It collapsed largely due to great acting/Hollywood & Disney, personified in Reagan. Gorbachev believed the possibility of Star Wars just as Ukraine blew up Chernobyl. Gorbachev chose to have faith that peace could be negotiated but the US side negotiated in bad faith it proved..",2023-12-28 02:17:00,2023-12-28,02:17:00,0.2023
Ukraine liked Star Wars a lot. They even had Darth Vader as a candidate in 2014 elections. ğŸ˜‚,2023-12-28 06:32:00,2023-12-28,06:32:00,-0.2023
I'm Israel we don't need television to watch Star-Wars thanks to Ham-Ass terrorists. Would you let your kids to go and play outside? May the force be with us ğŸ‡®ğŸ‡± #StandWithIsrael #HamasTerrorists,2023-12-28 10:49:00,2023-12-28,10:49:00,0.0516
Bond Star Wars Shawshank,2023-12-28 12:05:00,2023-12-28,12:05:00,-0.5574
Ich sag nur .. die ersten Berichte aus der Ukraine mit nem Ausschnitt aus Star Wars â€¦ TV = LÃ¼gen ğŸ¤¥,2023-12-28 16:27:00,2023-12-28,16:27:00,-0.8176
This one of the most underrated film in all entire Star Wars saga. In my country Ukraine and in other CIS countries(former USSR) this and another films of trilogy of prequel adore more than original trilogy.,2023-12-28 16:48:00,2023-12-28,16:48:00,0.3774
Globalists (including the fake republican ones) are like #biden #democrats #trump #republicans #china #russia #ukraine #taiwan #Venezuela #israel #gaza #MiddleEast #Iran #Ethiopia #Tigray #Elections2024 #StarWars #Covid #COVID19,2023-12-28 22:06:00,2023-12-28,22:06:00,-0.1531
HIGHET PAYING FREE USDT EARNING PLATFROM WITHOUT INVEST : https://moycash.com/?ref=4369 Ukraine Miami Star Wars Slavery wingstop Spider-Man Bernie New Orleans 14th Amendment #FursuitFriday,2023-12-29 11:46:00,2023-12-29,11:46:00,-0.6561
"Spend $60, Get $15 Amazon.com Credit on Household Essentials - Save on Household https://amzn.to/3vld6QY via @amazon Ukraine Miami Star Wars Slavery wingstop Spider-Man Bernie New Orleans 14th Amendment #FursuitFriday",2023-12-29 11:47:00,2023-12-29,11:47:00,-0.5574
Home Products from Amazon Brands https://amzn.to/47byFk4 via @amazon Ukraine Miami Star Wars Slavery wingstop Spider-Man Bernie New Orleans 14th Amendment #FursuitFriday,2023-12-29 11:47:00,2023-12-29,11:47:00,-0.8271
"Spend $60, Get $15 Amazon.com Credit on Household Essentials - Save on Household https://amzn.to/41CeA5f via @amazon Ukraine Miami Star Wars Slavery wingstop Spider-Man Bernie New Orleans 14th Amendment #FursuitFriday",2023-12-29 11:47:00,2023-12-29,11:47:00,-0.5574
Blink Smart Home Security Doorbells and Cameras https://amzn.to/4aQMKGP via @amazon Ukraine Miami Star Wars Slavery wingstop Spider-Man Bernie New Orleans 14th Amendment #FursuitFriday,2023-12-29 11:48:00,2023-12-29,11:48:00,-0.6486
"Premium beauty from BaBylissPRO, Nioxin, and more. https://amzn.to/3tAFgqs via @amazon Ukraine Miami Star Wars Slavery wingstop Spider-Man Bernie New Orleans 14th Amendment #FursuitFriday",2023-12-29 11:48:00,2023-12-29,11:48:00,-0.6808
"KitchenAid Stand Mixers, Blenders, Toasters and more https://amzn.to/4aDTCXD via @amazon Ukraine Miami Star Wars Slavery wingstop Spider-Man Bernie New Orleans 14th Amendment #FursuitFriday",2023-12-29 11:48:00,2023-12-29,11:48:00,-0.8555
Amazon Essentials Women's Apparel https://amzn.to/3RHS6es via @amazon Ukraine Miami Star Wars Slavery wingstop Spider-Man Bernie New Orleans 14th Amendment #FursuitFriday,2023-12-29 11:48:00,2023-12-29,11:48:00,-0.8271
Amazon Essentials Men's Apparel https://amzn.to/3tCMIRZ via @amazon Ukraine Miami Star Wars Slavery wingstop Spider-Man Bernie New Orleans 14th Amendment #FursuitFriday,2023-12-29 11:48:00,2023-12-29,11:48:00,-0.8271
"Men's, Women's, and Kids' Clothing from Amazon Brands https://amzn.to/3NLRS4R via @amazon Ukraine Miami Star Wars Slavery wingstop Spider-Man Bernie New Orleans 14th Amendment #FursuitFriday",2023-12-29 11:49:00,2023-12-29,11:49:00,-0.8271
"Skin Care Products from Neutrogena, Aveeno, Clean & Clear, and More https://amzn.to/3NIxh1o via @amazon Ukraine Miami Star Wars Slavery wingstop Spider-Man Bernie New Orleans 14th Amendment #FursuitFriday",2023-12-29 11:49:00,2023-12-29,11:49:00,-0.2263
Colgate Whitening Products https://amzn.to/3NIZs06 via @amazon Ukraine Miami Star Wars Slavery wingstop Spider-Man Bernie New Orleans 14th Amendment #FursuitFriday,2023-12-29 11:49:00,2023-12-29,11:49:00,-0.8555
"Home Care from Swiffer, Febreze, Tide and more https://amzn.to/3NJItLo via @amazon Ukraine Miami Star Wars Slavery wingstop Spider-Man Bernie New Orleans 14th Amendment #FursuitFriday",2023-12-29 11:49:00,2023-12-29,11:49:00,-0.7351
TurboTax Disc 2023 https://amzn.to/3tBssQG via @amazon Ukraine Miami Star Wars Slavery wingstop Spider-Man Bernie New Orleans 14th Amendment #FursuitFriday,2023-12-29 11:50:00,2023-12-29,11:50:00,-0.8555
OnePlus Unlocked Phones https://amzn.to/3RDY28u via @amazon Ukraine Miami Star Wars Slavery wingstop Spider-Man Bernie New Orleans 14th Amendment #FursuitFriday,2023-12-29 11:50:00,2023-12-29,11:50:00,-0.8555
"Bose Music Amplifier â€“ Speaker amp with Bluetooth & Wi-Fi connectivity, Black https://amzn.to/41DnwHo via @amazon Ukraine Miami Star Wars Slavery wingstop Spider-Man Bernie New Orleans 14th Amendment #FursuitFriday",2023-12-29 11:50:00,2023-12-29,11:50:00,-0.8555
"Browse Kindle book deals for $3.99 or less including romance, mystery & thriller, science fiction and fantasy, and more. https://amzn.to/3NIZm8K via @amazon Ukraine Miami Star Wars Slavery wingstop Spider-Man Bernie New Orleans 14th Amendment #FursuitFriday",2023-12-29 11:50:00,2023-12-29,11:50:00,-0.6887
"Braun IPL Long Lasting Hair Removal, Electric Shavers, and Stylers https://amzn.to/3NKEo9o via @amazon Ukraine Miami Star Wars Slavery wingstop Spider-Man Bernie New Orleans 14th Amendment #FursuitFriday",2023-12-29 11:50:00,2023-12-29,11:50:00,-0.8555
OtterBox Cases and Accessories https://amzn.to/3H3aKst via @amazon Ukraine Miami Star Wars Slavery wingstop Spider-Man Bernie New Orleans 14th Amendment #FursuitFriday,2023-12-29 11:51:00,2023-12-29,11:51:00,-0.8555
"Haircare favorites from Revlon, Hot Tools, TIGI, Clairol, and more https://amzn.to/3H0ojsB via @amazon Ukraine Miami Star Wars Slavery wingstop Spider-Man Bernie New Orleans 14th Amendment #FursuitFriday",2023-12-29 11:51:00,2023-12-29,11:51:00,-0.765
"Cookware, Bedding & DÃ©cor from Sweet Home Collection, Cuckoo & more https://amzn.to/3vdpWk1 via @amazon Ukraine Miami Star Wars Slavery wingstop Spider-Man Bernie New Orleans 14th Amendment #FursuitFriday",2023-12-29 11:51:00,2023-12-29,11:51:00,-0.7506
"Samsung Galazy Z Flip5, S23 FE, and A54 https://amzn.to/3vldeQs via @amazon Ukraine Miami Star Wars Slavery wingstop Spider-Man Bernie New Orleans 14th Amendment #FursuitFriday",2023-12-29 11:51:00,2023-12-29,11:51:00,-0.8555
"Health Care Products from Lactaid, Tylenol, Motrin, and More https://amzn.to/48ePvjo via @amazon Ukraine Miami Star Wars Slavery wingstop Spider-Man Bernie New Orleans 14th Amendment #FursuitFriday",2023-12-29 11:51:00,2023-12-29,11:51:00,-0.7351
"Oral Care, Plackers, Rembrandt, Steripod and more https://amzn.to/3vhyeaA via @amazon Ukraine Miami Star Wars Slavery wingstop Spider-Man Bernie New Orleans 14th Amendment #FursuitFriday",2023-12-29 11:52:00,2023-12-29,11:52:00,-0.7351
Online shopping for from a great selection at All Departments Store. https://amzn.to/3TJHdLQ via @amazon Ukraine Miami Star Wars Slavery wingstop Spider-Man Bernie New Orleans 14th Amendment #FursuitFriday,2023-12-29 11:52:00,2023-12-29,11:52:00,-0.6486
Online shopping from a great selection at Goldbox-Deals Store. https://amzn.to/3tzhdbk via @amazon Ukraine Miami Star Wars Slavery wingstop Spider-Man Bernie New Orleans 14th Amendment #FursuitFriday,2023-12-29 11:52:00,2023-12-29,11:52:00,-0.6486
Must Haves from Oral-B https://amzn.to/3H6JoS1 via @amazon Ukraine Miami Star Wars Slavery wingstop Spider-Man Bernie New Orleans 14th Amendment #FursuitFriday,2023-12-29 11:52:00,2023-12-29,11:52:00,-0.8555
Samsung S6 Lite Tablets https://amzn.to/3TBRoCd via @amazon Ukraine Miami Star Wars Slavery wingstop Spider-Man Bernie New Orleans 14th Amendment #FursuitFriday,2023-12-29 11:52:00,2023-12-29,11:52:00,-0.8555
Amazon eero mesh Wi-Fi systems and routers https://amzn.to/48di68N via @amazon Ukraine Miami Star Wars Slavery wingstop Spider-Man Bernie New Orleans 14th Amendment #FursuitFriday,2023-12-29 11:52:00,2023-12-29,11:52:00,-0.8271
PURA D'OR New Year Savings https://amzn.to/3vjsBc4 via @amazon Ukraine Miami Star Wars Slavery wingstop Spider-Man Bernie New Orleans 14th Amendment #FursuitFriday,2023-12-29 11:53:00,2023-12-29,11:53:00,-0.8555
Outerwear from Levi's https://amzn.to/3RIPs8a via @amazon Ukraine Miami Star Wars Slavery wingstop Spider-Man Bernie New Orleans 14th Amendment #FursuitFriday,2023-12-29 11:53:00,2023-12-29,11:53:00,-0.8555
"Apparel, Shoes, and Accessories from DKNY, Karl Lagerfeld and more https://amzn.to/3RCdnGx via @amazon Ukraine Miami Star Wars Slavery wingstop Spider-Man Bernie New Orleans 14th Amendment #FursuitFriday",2023-12-29 11:53:00,2023-12-29,11:53:00,-0.8555
"Personal Care and Shaving Care from Veet, Finishing Touch, and more https://amzn.to/3tzhoDw via @amazon Ukraine Miami Star Wars Slavery wingstop Spider-Man Bernie New Orleans 14th Amendment #FursuitFriday",2023-12-29 11:53:00,2023-12-29,11:53:00,-0.4588
Hydro Flask Travel Tumblers https://amzn.to/3trEM67 via @amazon Ukraine Miami Star Wars Slavery wingstop Spider-Man Bernie New Orleans 14th Amendment #FursuitFriday,2023-12-29 11:53:00,2023-12-29,11:53:00,-0.8555
Chemical Guys Car Wash Products https://amzn.to/3H5ohiY via @amazon Ukraine Miami Star Wars Slavery wingstop Spider-Man Bernie New Orleans 14th Amendment #FursuitFriday,2023-12-29 11:53:00,2023-12-29,11:53:00,-0.8555
Samsung Monitor Deals https://amzn.to/3TFrbTa via @amazon Ukraine Miami Star Wars Slavery wingstop Spider-Man Bernie New Orleans 14th Amendment #FursuitFriday,2023-12-29 11:54:00,2023-12-29,11:54:00,-0.8555
JBL Earbuds https://amzn.to/3RYVbbj via @amazon Ukraine Miami Star Wars Slavery wingstop Spider-Man Bernie New Orleans 14th Amendment #FursuitFriday,2023-12-29 11:54:00,2023-12-29,11:54:00,-0.8555
"ASUS ROG Strix NVIDIA GeForce RTXâ„¢ 4070 Ti OC Edition Gaming Graphics Card (PCIe 4.0, 12GB GDDR6X, HDMI 2.1a, DisplayPort 1.4a) https://amzn.to/48hMUoW via @amazon Ukraine Miami Star Wars Slavery wingstop Spider-Man Bernie New Orleans 14th Amendment #FursuitFriday",2023-12-29 11:54:00,2023-12-29,11:54:00,-0.8555
â€œWe have to abandon Ukraine to focus on China.â€ Iâ€™ve dedicated years of my life to opposing the Chinese dictatorship. The Chinese Ministry of Foreign Affairs even denounced me at an international press conference. And I will tell you this argument is WRONG. China is already helping Russia. Theyâ€™ve already formed a new Pact of Steel and they are arming Russia every day to slaughter Ukrainians. They are closely studying Ukraine as a test of Western resolve. They are drawing lessons they will use on Taiwan. We have an opportunity to nip this unholy alliance at the bud NOW by supporting Ukraine and beating back Russian aggression. If we donâ€™t take this chance now we will regret it for the rest of the century.,2023-12-29 13:36:00,2023-12-29,13:36:00,-0.4325
"Women have always been part of Star Wars. Marcia Lucas edited the original 1977 Star Wars movie and she knows Kathleen Kennedy ""doesn't get"" Star Wars and thinks the new stories are ""terrible"". Thank you Marcia Lucas. #StarWars #disneystarwars",2023-12-29 16:08:00,2023-12-29,16:08:00,-0.7906
Dear god. Iâ€™m being forced to share with fellow StarWars Junkie,2023-12-29 22:04:00,2023-12-29,22:04:00,0.4404
"Let Ukraine strike targets in Russia, then. Strongly worded condemnations do NOTHING to deter them. The blame shifting between admin and Congress is ridiculous when both have been instrumental in sending our aid policy up ğŸ’© creek without a paddle.",2023-12-29 22:28:00,2023-12-29,22:28:00,-0.5106
I advise any Star Wars fans out there who haven't seen it to watch a mini-series called Obi-Wan Kenobi.,2023-12-30 00:17:00,2023-12-30,00:17:00,-0.5574
Not Ukraine. But my passion and my training. Some nice stuff to look at. One of the recent Star Wars was filmed there too. Time line cleanse. ğŸ«¡,2023-12-30 04:21:00,2023-12-30,04:21:00,0.4215
"Thats iconic suit, which involved on design in star wars, warhammer, starship troopers and many others cultural phenomenons, iconic by themselves, people grew up with. No matter like it or not bit its not overrated in any means.",2023-12-30 05:51:00,2023-12-30,05:51:00,-0.4939
Ok but at this rate how many Ukrainian troops will die by 2025 and is it sustainable for Ukraine?,2023-12-30 13:05:00,2023-12-30,13:05:00,-0.6956
"Will you be watching the Rey Skywalker Star Wars movie on release day, and on a scale from 1-10 how excited are you for it? âœ¨",2023-12-30 15:02:00,2023-12-30,15:02:00,-0.296
"The Apollo program, Regan's star wars, failed high speed train, war in Ukraine and recent humiliation inflicted by the Huities clearly show tech capabilities are smoke and mirrors created to justify spending and fleecing the tax payers. Space X I suspect is not different.",2023-12-30 15:59:00,2023-12-30,15:59:00,-0.9186
"Putin can crush Ukraine any time he wants with ease. He is playing NATO, the US and the West like a fiddle using our own tactics against us. During the Cold War Reagan announced his Star Wars initiative. The Soviet Union panicked and went bankrupt trying to keep up. Reagan beat them with a ruse as Star Wars wasn't real, it was barely a concept scribbled on napkins at the time. Russia has turned the same game around on us. He is slowly but steadily bleeding us dry depleting our military stores and leading us into financial ruin.",2023-12-30 16:32:00,2023-12-30,16:32:00,-0.9178
"Child deaths in wars: Iraq: 3,100 in 14 years Syria: 12,000 in 11 years Yemen: 3,700 in 7 years Ukraine: 520 in 21 months Palestine: 12,000+ in 3 months. Does the world condemn the killing of children or is it complicated when it is Middle Eastern children?",2023-12-30 21:43:00,2023-12-30,21:43:00,-0.891
Go to sleep starwars kid,2023-12-30 23:07:00,2023-12-30,23:07:00,0.0
"I remember growing up in a time most people were scared of WWIII. Most of the 'muh Ukraine' people don't understand that if this shit kicks off, everything you knew or loved is gone. No more Marvels, no more Xbox, no more Star Wars. If you survive, you'll live like an animal.",2023-12-30 23:47:00,2023-12-30,23:47:00,-0.7938
"Wow, shut your mouth. The Kremlins do this on a daily basis in Ukraine. Russia is steadily growing into the replica of the Star Wars Empire, led by a cheap version Palputin..",2023-12-31 01:51:00,2023-12-31,01:51:00,0.2263
Star Wars Flash Mob,2023-12-31 18:26:00,2023-12-31,18:26:00,-0.5574
"Hey. You fellas already know Star Wars is f*cking awesome and @MarkHamill is the most based guy on the whole internet (neck in neck with @DollyParton). If he brings the Force and supports this, so must you. Please, check this out ğŸ‘‡",2023-12-31 22:44:00,2023-12-31,22:44:00,0.6771
"Zaczynamy nowy rok od rosyjskich atakÃ³w na UkrainÄ™, alarmu przeciwlotniczemu na Ukrainie, ciÄ™Å¼kich walkach pod Bachmutem, intesywnych palestyÅ„skich atakÃ³w rakietowych na Izrael, rosnÄ…cego napiÄ™cia wokÃ³Å‚ Jemenu i kilku innych pozytywnych zdarzeÅ„. To bÄ™dzie bardzo ciÄ™Å¼ki rok...",2023-12-31 23:29:00,2023-12-31,23:29:00,0.0
Good one Star Wars faggy!,2024-01-01 21:36:00,2024-01-01,21:36:00,-0.2481
Ukraine is now called â€œStar Wars â€œ the nation,2024-01-02 01:33:00,2024-01-02,01:33:00,-0.5574
"OOOooh-I love rocks! I got my grandson into rocks when he was little, little. He got a National Geographic kit to crack rocks that are geodes for Christmas & went on & on about it even above his beloved Star Wars Lego kits & his most fave video game.",2024-01-02 04:00:00,2024-01-02,04:00:00,0.8118
ğŸ’™ğŸ’› Expressing heartfelt gratitude to everyone who supported @LibertyUkraineF and #Ukraine throughout 2023! ğŸ’ªğŸ»Saluting the unwavering courage of Ukrainian ğŸ‡ºğŸ‡¦ defenders and the solidarity of the global community and our amazing @Official_NAFO ğŸ™Your tireless support continues to strengthen our determination! 2ï¸âƒ£0ï¸âƒ£2ï¸âƒ£4ï¸âƒ£New Year - Same Mission! ğŸš€ https://www.libertyukraine.org/projects,2024-01-02 17:10:00,2024-01-02,17:10:00,0.978
Our work ever stops. We can't abandon Ukraine.,2024-01-02 17:42:00,2024-01-02,17:42:00,0.2037
Ukraine: hold my beer,2024-01-02 19:03:00,2024-01-02,19:03:00,0.0
"2 words-Princess Leia. If she didn't put the message in R2D2 & send the droids to Tatooine to find Obi Wan Kenobi, then there wouldn't be a Star Wars. Plus-she was a kick ass-princess. @MarkHamill amiright?",2024-01-03 00:16:00,2024-01-03,00:16:00,0.4449
Selling off my old Star Wars collection to raise money for Ukraine. So far I have raised nearly $200.,2024-01-03 08:53:00,2024-01-03,08:53:00,-0.5574
Ale jak to? U Rosjanina nazistowskie Schwarze Sonne? Nie moÅ¼e byÄ‡! PrzecieÅ¼ oni przyszli na UkrainÄ™ â€denazyfikowaÄ‡â€. Tak Putin mÃ³wiÅ‚. XD,2024-01-03 12:41:00,2024-01-03,12:41:00,0.7339
"Die Ukraine hat den Todesstern (von ""Starwars"") angefordert. Nun steht der Befreiung der Krim nichts mehr im Wege. ğŸ¤¡",2024-01-03 19:56:00,2024-01-03,19:56:00,-0.5994
"â€œHey honey, I know gas is $5.00 a gallon and we have to eat bugs because BLM and Ukraine need our money and the illegal invaders need $5,000 gift cards at the border and Arabs are blocking the road to workâ€¦.but can we go spend $50 watching an uncomfortable retcon of Starwars?â€",2024-01-03 22:09:00,2024-01-03,22:09:00,-0.7096
ğŸ˜‚ğŸ˜‚ğŸ˜‚ğŸ˜‚ğŸ˜‚ Musk Supports Call for Shareholder Lawsuit Against â€˜Wokeâ€™ Disney Over â€˜Star Warsâ€™ Hiring a Female Director https://www.msn.com/en-us/money/companies/musk-supports-call-for-shareholder-lawsuit-against-woke-disney-over-star-wars-hiring-a-female-director/ar-AA1mq8j4?ocid=socialshare,2024-01-04 08:54:00,2024-01-04,08:54:00,0.1531
"Guys, Russia releases more FPV footage than Ukraine. Stop spreading this horse shit that they don't. What, you only look at footage that contains vehicles? That's a you problem, not a problem with the data.",2024-01-04 13:54:00,2024-01-04,13:54:00,-0.8807
