Tweets,Date
"Guys, Russia releases more FPV footage than Ukraine. Stop spreading this horse shit that they don't. What, you only look at footage that contains vehicles? That's a you problem, not a problem with the data.","Jan 4, 2024 ¬∑ 1:54 PM UTC"
üòÇüòÇüòÇüòÇüòÇ Musk Supports Call for Shareholder Lawsuit Against ‚ÄòWoke‚Äô Disney Over ‚ÄòStar Wars‚Äô Hiring a Female Director https://www.msn.com/en-us/money/companies/musk-supports-call-for-shareholder-lawsuit-against-woke-disney-over-star-wars-hiring-a-female-director/ar-AA1mq8j4?ocid=socialshare,"Jan 4, 2024 ¬∑ 8:54 AM UTC"
"‚ÄúHey honey, I know gas is $5.00 a gallon and we have to eat bugs because BLM and Ukraine need our money and the illegal invaders need $5,000 gift cards at the border and Arabs are blocking the road to work‚Ä¶.but can we go spend $50 watching an uncomfortable retcon of Starwars?‚Äù","Jan 3, 2024 ¬∑ 10:09 PM UTC"
"Die Ukraine hat den Todesstern (von ""Starwars"") angefordert. Nun steht der Befreiung der Krim nichts mehr im Wege. ü§°","Jan 3, 2024 ¬∑ 7:56 PM UTC"
Ale jak to? U Rosjanina nazistowskie Schwarze Sonne? Nie mo≈ºe byƒá! Przecie≈º oni przyszli na Ukrainƒô ‚Äûdenazyfikowaƒá‚Äù. Tak Putin m√≥wi≈Ç. XD,"Jan 3, 2024 ¬∑ 12:41 PM UTC"
Selling off my old Star Wars collection to raise money for Ukraine. So far I have raised nearly $200.,"Jan 3, 2024 ¬∑ 8:53 AM UTC"
"2 words-Princess Leia. If she didn't put the message in R2D2 & send the droids to Tatooine to find Obi Wan Kenobi, then there wouldn't be a Star Wars. Plus-she was a kick ass-princess. @MarkHamill amiright?","Jan 3, 2024 ¬∑ 12:16 AM UTC"
"Women have always been part of Star Wars. Marcia Lucas edited the original 1977 Star Wars movie and she knows Kathleen Kennedy ""doesn't get"" Star Wars and thinks the new stories are ""terrible"". Thank you Marcia Lucas. #StarWars #disneystarwars","Dec 29, 2023 ¬∑ 4:08 PM UTC"
Ukraine: hold my beer,"Jan 2, 2024 ¬∑ 7:03 PM UTC"
Our work ever stops. We can't abandon Ukraine.,"Jan 2, 2024 ¬∑ 5:42 PM UTC"
üíôüíõ Expressing heartfelt gratitude to everyone who supported @LibertyUkraineF and #Ukraine throughout 2023! üí™üèªSaluting the unwavering courage of Ukrainian üá∫üá¶ defenders and the solidarity of the global community and our amazing @Official_NAFO üôèYour tireless support continues to strengthen our determination! 2Ô∏è‚É£0Ô∏è‚É£2Ô∏è‚É£4Ô∏è‚É£New Year - Same Mission! üöÄ https://www.libertyukraine.org/projects,"Jan 2, 2024 ¬∑ 5:10 PM UTC"
"OOOooh-I love rocks! I got my grandson into rocks when he was little, little. He got a National Geographic kit to crack rocks that are geodes for Christmas & went on & on about it even above his beloved Star Wars Lego kits & his most fave video game.","Jan 2, 2024 ¬∑ 4:00 AM UTC"
Ukraine is now called ‚ÄúStar Wars ‚Äú the nation,"Jan 2, 2024 ¬∑ 1:33 AM UTC"
Good one Star Wars faggy!,"Jan 1, 2024 ¬∑ 9:36 PM UTC"
Star Wars Flash Mob,"Dec 31, 2023 ¬∑ 6:26 PM UTC"
"Zaczynamy nowy rok od rosyjskich atak√≥w na Ukrainƒô, alarmu przeciwlotniczemu na Ukrainie, ciƒô≈ºkich walkach pod Bachmutem, intesywnych palesty≈Ñskich atak√≥w rakietowych na Izrael, rosnƒÖcego napiƒôcia wok√≥≈Ç Jemenu i kilku innych pozytywnych zdarze≈Ñ. To bƒôdzie bardzo ciƒô≈ºki rok...","Dec 31, 2023 ¬∑ 11:29 PM UTC"
"Hey. You fellas already know Star Wars is f*cking awesome and @MarkHamill is the most based guy on the whole internet (neck in neck with @DollyParton). If he brings the Force and supports this, so must you. Please, check this out üëá","Dec 31, 2023 ¬∑ 10:44 PM UTC"
"Child deaths in wars: Iraq: 3,100 in 14 years Syria: 12,000 in 11 years Yemen: 3,700 in 7 years Ukraine: 520 in 21 months Palestine: 12,000+ in 3 months. Does the world condemn the killing of children or is it complicated when it is Middle Eastern children?","Dec 30, 2023 ¬∑ 9:43 PM UTC"
"Wow, shut your mouth. The Kremlins do this on a daily basis in Ukraine. Russia is steadily growing into the replica of the Star Wars Empire, led by a cheap version Palputin..","Dec 31, 2023 ¬∑ 1:51 AM UTC"
"I remember growing up in a time most people were scared of WWIII. Most of the 'muh Ukraine' people don't understand that if this shit kicks off, everything you knew or loved is gone. No more Marvels, no more Xbox, no more Star Wars. If you survive, you'll live like an animal.","Dec 30, 2023 ¬∑ 11:47 PM UTC"
Go to sleep starwars kid,"Dec 30, 2023 ¬∑ 11:07 PM UTC"
"Will you be watching the Rey Skywalker Star Wars movie on release day, and on a scale from 1-10 how excited are you for it? ‚ú®","Dec 30, 2023 ¬∑ 3:02 PM UTC"
"Putin can crush Ukraine any time he wants with ease. He is playing NATO, the US and the West like a fiddle using our own tactics against us. During the Cold War Reagan announced his Star Wars initiative. The Soviet Union panicked and went bankrupt trying to keep up. Reagan beat them with a ruse as Star Wars wasn't real, it was barely a concept scribbled on napkins at the time. Russia has turned the same game around on us. He is slowly but steadily bleeding us dry depleting our military stores and leading us into financial ruin.","Dec 30, 2023 ¬∑ 4:32 PM UTC"
"The Apollo program, Regan's star wars, failed high speed train, war in Ukraine and recent humiliation inflicted by the Huities clearly show tech capabilities are smoke and mirrors created to justify spending and fleecing the tax payers. Space X I suspect is not different.","Dec 30, 2023 ¬∑ 3:59 PM UTC"
Ok but at this rate how many Ukrainian troops will die by 2025 and is it sustainable for Ukraine?,"Dec 30, 2023 ¬∑ 1:05 PM UTC"
"Medvedev‚Äôs statement - 2nd September: ‚ÄúThe leaders of the Bandera-influenced ""Ukraine"" are increasingly talking about the necessity of ""holding all Russians accountable"" (it's clear that by ""Russians,"" they mean the entire population of our country, regardless of nationality). Hasn't something like this happened before? Nearly all heads of Western countries support Bandera Ukraine. Therefore, Biden, Trudeau, Sunak, Scholz, Macron, Meloni, as well as the leaders of the most abhorrent Poland, the bristling Scandinavian countries, militaristic Japan, furry creatures from Australia and New Zealand, and other pestilent fleas like the Baltic states, are direct and overt supporters of the Nazis. Their relationship should be approached as leaders of countries in a Nazi coalition. Rather than indulging in sweet dreams of reconciliation and living as a large polyamorous family with non-binary genders, as we once thought, we should treat them accordingly.‚Äù","Sep 2, 2023 ¬∑ 9:02 AM UTC"
"Thats iconic suit, which involved on design in star wars, warhammer, starship troopers and many others cultural phenomenons, iconic by themselves, people grew up with. No matter like it or not bit its not overrated in any means.","Dec 30, 2023 ¬∑ 5:51 AM UTC"
Not Ukraine. But my passion and my training. Some nice stuff to look at. One of the recent Star Wars was filmed there too. Time line cleanse. ü´°,"Dec 30, 2023 ¬∑ 4:21 AM UTC"
I advise any Star Wars fans out there who haven't seen it to watch a mini-series called Obi-Wan Kenobi.,"Dec 30, 2023 ¬∑ 12:17 AM UTC"
"Let Ukraine strike targets in Russia, then. Strongly worded condemnations do NOTHING to deter them. The blame shifting between admin and Congress is ridiculous when both have been instrumental in sending our aid policy up üí© creek without a paddle.","Dec 29, 2023 ¬∑ 10:28 PM UTC"
Dear god. I‚Äôm being forced to share with fellow StarWars Junkie,"Dec 29, 2023 ¬∑ 10:04 PM UTC"
‚ÄúWe have to abandon Ukraine to focus on China.‚Äù I‚Äôve dedicated years of my life to opposing the Chinese dictatorship. The Chinese Ministry of Foreign Affairs even denounced me at an international press conference. And I will tell you this argument is WRONG. China is already helping Russia. They‚Äôve already formed a new Pact of Steel and they are arming Russia every day to slaughter Ukrainians. They are closely studying Ukraine as a test of Western resolve. They are drawing lessons they will use on Taiwan. We have an opportunity to nip this unholy alliance at the bud NOW by supporting Ukraine and beating back Russian aggression. If we don‚Äôt take this chance now we will regret it for the rest of the century.,"Dec 29, 2023 ¬∑ 1:36 PM UTC"
"ASUS ROG Strix NVIDIA GeForce RTX‚Ñ¢ 4070 Ti OC Edition Gaming Graphics Card (PCIe 4.0, 12GB GDDR6X, HDMI 2.1a, DisplayPort 1.4a) https://amzn.to/48hMUoW via @amazon Ukraine Miami Star Wars Slavery wingstop Spider-Man Bernie New Orleans 14th Amendment #FursuitFriday","Dec 29, 2023 ¬∑ 11:54 AM UTC"
JBL Earbuds https://amzn.to/3RYVbbj via @amazon Ukraine Miami Star Wars Slavery wingstop Spider-Man Bernie New Orleans 14th Amendment #FursuitFriday,"Dec 29, 2023 ¬∑ 11:54 AM UTC"
Samsung Monitor Deals https://amzn.to/3TFrbTa via @amazon Ukraine Miami Star Wars Slavery wingstop Spider-Man Bernie New Orleans 14th Amendment #FursuitFriday,"Dec 29, 2023 ¬∑ 11:54 AM UTC"
Chemical Guys Car Wash Products https://amzn.to/3H5ohiY via @amazon Ukraine Miami Star Wars Slavery wingstop Spider-Man Bernie New Orleans 14th Amendment #FursuitFriday,"Dec 29, 2023 ¬∑ 11:53 AM UTC"
Hydro Flask Travel Tumblers https://amzn.to/3trEM67 via @amazon Ukraine Miami Star Wars Slavery wingstop Spider-Man Bernie New Orleans 14th Amendment #FursuitFriday,"Dec 29, 2023 ¬∑ 11:53 AM UTC"
"Personal Care and Shaving Care from Veet, Finishing Touch, and more https://amzn.to/3tzhoDw via @amazon Ukraine Miami Star Wars Slavery wingstop Spider-Man Bernie New Orleans 14th Amendment #FursuitFriday","Dec 29, 2023 ¬∑ 11:53 AM UTC"
"Apparel, Shoes, and Accessories from DKNY, Karl Lagerfeld and more https://amzn.to/3RCdnGx via @amazon Ukraine Miami Star Wars Slavery wingstop Spider-Man Bernie New Orleans 14th Amendment #FursuitFriday","Dec 29, 2023 ¬∑ 11:53 AM UTC"
Outerwear from Levi's https://amzn.to/3RIPs8a via @amazon Ukraine Miami Star Wars Slavery wingstop Spider-Man Bernie New Orleans 14th Amendment #FursuitFriday,"Dec 29, 2023 ¬∑ 11:53 AM UTC"
PURA D'OR New Year Savings https://amzn.to/3vjsBc4 via @amazon Ukraine Miami Star Wars Slavery wingstop Spider-Man Bernie New Orleans 14th Amendment #FursuitFriday,"Dec 29, 2023 ¬∑ 11:53 AM UTC"
"Oral Care, Plackers, Rembrandt, Steripod and more https://amzn.to/3vhyeaA via @amazon Ukraine Miami Star Wars Slavery wingstop Spider-Man Bernie New Orleans 14th Amendment #FursuitFriday","Dec 29, 2023 ¬∑ 11:52 AM UTC"
Online shopping for from a great selection at All Departments Store. https://amzn.to/3TJHdLQ via @amazon Ukraine Miami Star Wars Slavery wingstop Spider-Man Bernie New Orleans 14th Amendment #FursuitFriday,"Dec 29, 2023 ¬∑ 11:52 AM UTC"
Amazon eero mesh Wi-Fi systems and routers https://amzn.to/48di68N via @amazon Ukraine Miami Star Wars Slavery wingstop Spider-Man Bernie New Orleans 14th Amendment #FursuitFriday,"Dec 29, 2023 ¬∑ 11:52 AM UTC"
Online shopping from a great selection at Goldbox-Deals Store. https://amzn.to/3tzhdbk via @amazon Ukraine Miami Star Wars Slavery wingstop Spider-Man Bernie New Orleans 14th Amendment #FursuitFriday,"Dec 29, 2023 ¬∑ 11:52 AM UTC"
Must Haves from Oral-B https://amzn.to/3H6JoS1 via @amazon Ukraine Miami Star Wars Slavery wingstop Spider-Man Bernie New Orleans 14th Amendment #FursuitFriday,"Dec 29, 2023 ¬∑ 11:52 AM UTC"
Samsung S6 Lite Tablets https://amzn.to/3TBRoCd via @amazon Ukraine Miami Star Wars Slavery wingstop Spider-Man Bernie New Orleans 14th Amendment #FursuitFriday,"Dec 29, 2023 ¬∑ 11:52 AM UTC"
"Health Care Products from Lactaid, Tylenol, Motrin, and More https://amzn.to/48ePvjo via @amazon Ukraine Miami Star Wars Slavery wingstop Spider-Man Bernie New Orleans 14th Amendment #FursuitFriday","Dec 29, 2023 ¬∑ 11:51 AM UTC"
"Samsung Galazy Z Flip5, S23 FE, and A54 https://amzn.to/3vldeQs via @amazon Ukraine Miami Star Wars Slavery wingstop Spider-Man Bernie New Orleans 14th Amendment #FursuitFriday","Dec 29, 2023 ¬∑ 11:51 AM UTC"
"Cookware, Bedding & D√©cor from Sweet Home Collection, Cuckoo & more https://amzn.to/3vdpWk1 via @amazon Ukraine Miami Star Wars Slavery wingstop Spider-Man Bernie New Orleans 14th Amendment #FursuitFriday","Dec 29, 2023 ¬∑ 11:51 AM UTC"
"Haircare favorites from Revlon, Hot Tools, TIGI, Clairol, and more https://amzn.to/3H0ojsB via @amazon Ukraine Miami Star Wars Slavery wingstop Spider-Man Bernie New Orleans 14th Amendment #FursuitFriday","Dec 29, 2023 ¬∑ 11:51 AM UTC"
OtterBox Cases and Accessories https://amzn.to/3H3aKst via @amazon Ukraine Miami Star Wars Slavery wingstop Spider-Man Bernie New Orleans 14th Amendment #FursuitFriday,"Dec 29, 2023 ¬∑ 11:51 AM UTC"
TurboTax Disc 2023 https://amzn.to/3tBssQG via @amazon Ukraine Miami Star Wars Slavery wingstop Spider-Man Bernie New Orleans 14th Amendment #FursuitFriday,"Dec 29, 2023 ¬∑ 11:50 AM UTC"
OnePlus Unlocked Phones https://amzn.to/3RDY28u via @amazon Ukraine Miami Star Wars Slavery wingstop Spider-Man Bernie New Orleans 14th Amendment #FursuitFriday,"Dec 29, 2023 ¬∑ 11:50 AM UTC"
"Braun IPL Long Lasting Hair Removal, Electric Shavers, and Stylers https://amzn.to/3NKEo9o via @amazon Ukraine Miami Star Wars Slavery wingstop Spider-Man Bernie New Orleans 14th Amendment #FursuitFriday","Dec 29, 2023 ¬∑ 11:50 AM UTC"
"Bose Music Amplifier ‚Äì Speaker amp with Bluetooth & Wi-Fi connectivity, Black https://amzn.to/41DnwHo via @amazon Ukraine Miami Star Wars Slavery wingstop Spider-Man Bernie New Orleans 14th Amendment #FursuitFriday","Dec 29, 2023 ¬∑ 11:50 AM UTC"
"Browse Kindle book deals for $3.99 or less including romance, mystery & thriller, science fiction and fantasy, and more. https://amzn.to/3NIZm8K via @amazon Ukraine Miami Star Wars Slavery wingstop Spider-Man Bernie New Orleans 14th Amendment #FursuitFriday","Dec 29, 2023 ¬∑ 11:50 AM UTC"
"Home Care from Swiffer, Febreze, Tide and more https://amzn.to/3NJItLo via @amazon Ukraine Miami Star Wars Slavery wingstop Spider-Man Bernie New Orleans 14th Amendment #FursuitFriday","Dec 29, 2023 ¬∑ 11:49 AM UTC"
Colgate Whitening Products https://amzn.to/3NIZs06 via @amazon Ukraine Miami Star Wars Slavery wingstop Spider-Man Bernie New Orleans 14th Amendment #FursuitFriday,"Dec 29, 2023 ¬∑ 11:49 AM UTC"
"Skin Care Products from Neutrogena, Aveeno, Clean & Clear, and More https://amzn.to/3NIxh1o via @amazon Ukraine Miami Star Wars Slavery wingstop Spider-Man Bernie New Orleans 14th Amendment #FursuitFriday","Dec 29, 2023 ¬∑ 11:49 AM UTC"
"Men's, Women's, and Kids' Clothing from Amazon Brands https://amzn.to/3NLRS4R via @amazon Ukraine Miami Star Wars Slavery wingstop Spider-Man Bernie New Orleans 14th Amendment #FursuitFriday","Dec 29, 2023 ¬∑ 11:49 AM UTC"
Amazon Essentials Men's Apparel https://amzn.to/3tCMIRZ via @amazon Ukraine Miami Star Wars Slavery wingstop Spider-Man Bernie New Orleans 14th Amendment #FursuitFriday,"Dec 29, 2023 ¬∑ 11:48 AM UTC"
Amazon Essentials Women's Apparel https://amzn.to/3RHS6es via @amazon Ukraine Miami Star Wars Slavery wingstop Spider-Man Bernie New Orleans 14th Amendment #FursuitFriday,"Dec 29, 2023 ¬∑ 11:48 AM UTC"
"KitchenAid Stand Mixers, Blenders, Toasters and more https://amzn.to/4aDTCXD via @amazon Ukraine Miami Star Wars Slavery wingstop Spider-Man Bernie New Orleans 14th Amendment #FursuitFriday","Dec 29, 2023 ¬∑ 11:48 AM UTC"
"Premium beauty from BaBylissPRO, Nioxin, and more. https://amzn.to/3tAFgqs via @amazon Ukraine Miami Star Wars Slavery wingstop Spider-Man Bernie New Orleans 14th Amendment #FursuitFriday","Dec 29, 2023 ¬∑ 11:48 AM UTC"
Blink Smart Home Security Doorbells and Cameras https://amzn.to/4aQMKGP via @amazon Ukraine Miami Star Wars Slavery wingstop Spider-Man Bernie New Orleans 14th Amendment #FursuitFriday,"Dec 29, 2023 ¬∑ 11:48 AM UTC"
"Spend $60, Get $15 Amazon.com Credit on Household Essentials - Save on Household https://amzn.to/3vld6QY via @amazon Ukraine Miami Star Wars Slavery wingstop Spider-Man Bernie New Orleans 14th Amendment #FursuitFriday","Dec 29, 2023 ¬∑ 11:47 AM UTC"
"Spend $60, Get $15 Amazon.com Credit on Household Essentials - Save on Household https://amzn.to/41CeA5f via @amazon Ukraine Miami Star Wars Slavery wingstop Spider-Man Bernie New Orleans 14th Amendment #FursuitFriday","Dec 29, 2023 ¬∑ 11:47 AM UTC"
Home Products from Amazon Brands https://amzn.to/47byFk4 via @amazon Ukraine Miami Star Wars Slavery wingstop Spider-Man Bernie New Orleans 14th Amendment #FursuitFriday,"Dec 29, 2023 ¬∑ 11:47 AM UTC"
HIGHET PAYING FREE USDT EARNING PLATFROM WITHOUT INVEST : https://moycash.com/?ref=4369 Ukraine Miami Star Wars Slavery wingstop Spider-Man Bernie New Orleans 14th Amendment #FursuitFriday,"Dec 29, 2023 ¬∑ 11:46 AM UTC"
Globalists (including the fake republican ones) are like #biden #democrats #trump #republicans #china #russia #ukraine #taiwan #Venezuela #israel #gaza #MiddleEast #Iran #Ethiopia #Tigray #Elections2024 #StarWars #Covid #COVID19,"Dec 28, 2023 ¬∑ 10:06 PM UTC"
"No way people are siding with Star Wars Theory over Mark Hamill on a topic that was so wildly controversial a really important and relevant strike against it had to happen in Hollywood. Be better Star Wars fandom, Jesus Christ.","Dec 28, 2023 ¬∑ 2:02 AM UTC"
This one of the most underrated film in all entire Star Wars saga. In my country Ukraine and in other CIS countries(former USSR) this and another films of trilogy of prequel adore more than original trilogy.,"Dec 28, 2023 ¬∑ 4:48 PM UTC"
Ich sag nur .. die ersten Berichte aus der Ukraine mit nem Ausschnitt aus Star Wars ‚Ä¶ TV = L√ºgen ü§•,"Dec 28, 2023 ¬∑ 4:27 PM UTC"
A most impressive snow sculpture. ‚ùÑÔ∏è #StarWars,"Dec 27, 2023 ¬∑ 9:00 PM UTC"
Bond Star Wars Shawshank,"Dec 28, 2023 ¬∑ 12:05 PM UTC"
I'm Israel we don't need television to watch Star-Wars thanks to Ham-Ass terrorists. Would you let your kids to go and play outside? May the force be with us üáÆüá± #StandWithIsrael #HamasTerrorists,"Dec 28, 2023 ¬∑ 10:49 AM UTC"
Ukraine liked Star Wars a lot. They even had Darth Vader as a candidate in 2014 elections. üòÇ,"Dec 28, 2023 ¬∑ 6:32 AM UTC"
"It collapsed largely due to great acting/Hollywood & Disney, personified in Reagan. Gorbachev believed the possibility of Star Wars just as Ukraine blew up Chernobyl. Gorbachev chose to have faith that peace could be negotiated but the US side negotiated in bad faith it proved..","Dec 28, 2023 ¬∑ 2:17 AM UTC"
"Yes not a proof. Pentagon has a lot of plans, remember the ""Star Wars"" initiative using lasers to shoot down ICBM's? Israel used a F35 to shoot down a conventional cruise missile, so fucking what? I can show you video from Ukraine of a manpad doing the same. Unserious!","Dec 27, 2023 ¬∑ 4:00 PM UTC"
Rebel Moon is Star Wars + Dune + Ukraine/Russia war metaphors + Star Trek Borg Queen + Ghibli robots + Seven Samurai + Mamoru Oshii's (Avalon/Ghost in the Shell) looking protagonist. Shake and stir well. Entertaining but unoriginal. Worth a watch? Sure. Just don't overthink it,"Dec 26, 2023 ¬∑ 4:42 PM UTC"
Give your Star Wars money to the ukraine. I owe that short little dictator Zelenskyyyyy nothing.,"Dec 25, 2023 ¬∑ 4:03 PM UTC"
"Also, the original trilogy had allegories for the Vietnam War. Imagine if Star Wars did that for the current Ukraine War.","Dec 24, 2023 ¬∑ 6:42 PM UTC"
Including: death star (from Star wars) for Ukraine to use against Russia,"Dec 23, 2023 ¬∑ 2:52 PM UTC"
Rebel Moon Review: Zack Snyder‚Äôs Star wars built upon Ukrainian Rebellion against Russia! Read the Article üé¨üëáüé¨ https://south.one/rebel-moon-review-zack-snyders-star-wars-built-upon-ukrainian-rebellion-against-russia/ #RebelMoon #Russia #StarWars #UkraineRussiaWar #ZackSnyder #Ukraine #Holodomor #RebelMoonBlues #Netflix @NetflixIndia @Netflix_INSouth @netflix @ZackSnyder,"Dec 23, 2023 ¬∑ 1:28 AM UTC"
aswesome news. i think moroe patriots are needed before f16s. f16s are our workhorse fighter thats usually protected by all the starwars crazy tech fighters like the f35 we have. its gonna be tough for ukraine to protect them. Slava Ukraine. Death to the occupiers,"Dec 22, 2023 ¬∑ 4:59 PM UTC"
"""Something nice from #russia?"" A cat has gone viral online and looks like a hologram . The Russian Blue cat's name is Zoro. He lives in New York. This cat wouldn't be lost in Star Wars. üëâ Ax +18. Subscribe #ukraine #putinisamasskiller #putinisawarcriminal @kardinal691","Dec 21, 2023 ¬∑ 7:17 PM UTC"
"Jews destroyed 500,000 humanity deaths in Ukraine. Russia is smart. Putin is not interested in ethic cleansing and bombs. It war like the famous star wars. Russia of Putin is an aspect positive. Ukraine's President is an aspect of negative hate crime, jealousy, etc for a reason.","Dec 21, 2023 ¬∑ 5:40 PM UTC"
Ukraine and Russia war beg to differ . Or even Hamas and Israel war still proves you wrong unless u mean star wars.,"Dec 21, 2023 ¬∑ 4:17 AM UTC"
"I just listed 7 items for sale via https://pro.opensea.io/profile üíé Collections: Art from VetalChoo: Star Wars #8, Fairy tale #11, Fairy tale #5, Fairy tale #2, Fairy tale #1, Ukraine - we are with you!: Stop War in Ukraine!, Russi üè∑Ô∏è Marketplaces: OpenSea","Dec 20, 2023 ¬∑ 12:30 PM UTC"
The Star Wars sand people are triggering ww3?? Ukraine is so jealous rn.,"Dec 19, 2023 ¬∑ 8:45 PM UTC"
"Orban is a dick, but I like this picture that accompanies the link--it gives me STAR WARS vibes! May The Force Be With Ukraine! Hungary blocks EU financial aid package for Ukraine | Reuters https://www.reuters.com/world/europe/eu-set-summit-showdown-ukraine-with-hungarys-orban-2023-12-13/?utm_source=Sailthru&utm_medium=Newsletter&utm_campaign=Daily-Briefing&utm_term=121423&user_email=98d764451a65300b0d8da115b2dba0de88b1478d3cd6391d6dfc476b456afbe8","Dec 19, 2023 ¬∑ 12:02 AM UTC"
"Putin's play has been brilliant. Ukraine is his Star Wars project i.e. Reagan bankrupted the Soviet Union with Strategic Defense Initiative, Star Wars. Putin is bamkrupting the US via blind aid to Ukraine - brilliant. The Biden Construct has bungled Ukraine worse than Afghanistan. Taken together - the worse military/strategic decisions ever made.","Dec 17, 2023 ¬∑ 6:46 PM UTC"
"When this crusade against Russia started and endless people in the US were cheering for Ukraine like they were the Jedi from Star Wars, I told everyone they needed to read one book. Virtually no one did. This was compiled by the US Army after WWII by interviewing German troops.","Dec 17, 2023 ¬∑ 7:48 AM UTC"
"‚ÄúAUCTION for Oleg and the boys from @adam_tactical üî• We are auctioning off this complete set of items from Ukraine - two cartridges (caliber 30x165 and .308 Win) with a Star Wars theme and a tactical group Adam patch üá∫üá¶ We are starting right now with the amount of CZK 1,977. The end of the auction is set for 12/21/2023 at 18:00 (CET). You can bid in the auction directly under this tweet or in DMs (if you want to be anonymous). Attention. If you are a non-EU resident, please consider whether these items can be shipped to your country before bidding. We will be grateful for your like, retweet or comment. Thank you in advance! üíôüíõ ‚Äú #TeamAdamTG #NAFO #NAFOFellas","Dec 16, 2023 ¬∑ 11:27 PM UTC"
"An Army of Drones for #Ukraine A year ago @Markham ill #MarkHamill #LukeSkywalker of #Starwars #UNITED24 ambassador, guardian of its defenders - raised over $1.5mill+ for 10 RQ-35 Heidrun reconnaissance drones to protect military on the #frontline.","Dec 16, 2023 ¬∑ 9:51 PM UTC"
"–ö—É–ø–∏–ª–∏ —Å–æ–±—ñ –Ω–∞ –†—ñ–∑–¥–≤–æ –≤ –ø–æ–¥–∞—Ä—É–Ω–æ–∫ —Ç–µ–ª–µ–≤—ñ–∑–æ—Ä –Ω–∞ –∫—É—Ö–Ω—é, –≤–∏–ø–∞–¥–∫–æ–≤–æ —É–≤—ñ–º–∫–Ω—É–≤ –ú–∞–Ω–¥–∞–ª–æ—Ä—Ü—è - —è–∫–∏–π –∂–µ –≥–∞—Ä–Ω–∏–π —Å–µ—Ä—ñ–∞–ª —É –≤—Å–µ—Å–≤—ñ—Ç—ñ –ó–í. –ö–æ–ª–∏ –≤–∂–µ –º–æ–∂–Ω–∞ –±—É–¥–µ –ª–µ–≥–∞–ª—å–Ω–æ –ø–æ–¥–∏–≤–∏—Ç–∏—Å—è Disney? #StarWars #PS5 #Ukraine #—Ö—Ç–∏–≤–∏–π–ø–æ–Ω–µ–¥—ñ–ª–æ–∫","Dec 16, 2023 ¬∑ 8:19 PM UTC"
Brilliant minds from each country working together to explore other solar systems and planets north South Korea USA and Japan Russia who ever Ukraine imagine a starwars or halo universe,"Dec 16, 2023 ¬∑ 1:57 PM UTC"
Number one in this demo with @flyymartyy #BONK #heartattack #MSDhoni #RohitSharma #SalaarCeaseFireOnDec22 #Ukraine #ÿßŸÑÿßÿ™ÿ≠ÿßÿØ_ÿßŸÑÿßŸáŸÑŸä_ÿßŸÑŸÖÿµÿ±Ÿä #StarWars #FinalFantasy,"Dec 15, 2023 ¬∑ 6:44 PM UTC"
"3. Whatever range Ukraine gets next, that fucking bridge must go away for ever.","Dec 15, 2023 ¬∑ 4:14 PM UTC"
The best Birthday present I ever got. My son thinks that baby Yoda #yoda is a compulsory adjunct to my missions in Ukraine! #Ukraine #WarinUkraine #defender #babyyoda #yoda #StarWars,"Dec 14, 2023 ¬∑ 8:23 PM UTC"
Putin is delighted the US is going to bankrupt itself over Ukraine the way the Star Wars Defense Initiative under Reagan bankrupted the Soviet Union. Scared the Russians into spending itself broke...just like what you're doing at Ukraine's behest.,"Dec 13, 2023 ¬∑ 5:46 PM UTC"
Biden's overspending on Putin's invasion of Ukraine is similar to Russia's overspending on Regan's Star Wars (SDI). The end result isn't going to be good. https://www.wsj.com/articles/defense-bill-congress-president-biden-pentagon-russia-china-taiwan-e464e59f?st=4snpwkqbcdaikwf&reflink=desktopwebshare_permalink,"Dec 13, 2023 ¬∑ 5:17 PM UTC"
"fighting for freedom is terror attacks now? you see this in fiction all the time in star wars, hunger games, harry potter ans even in one piece. hell it's even happened with russia vs ukraine. but when palestinians fight back against a pathetic occupation it's terrorism is it?","Dec 13, 2023 ¬∑ 2:30 PM UTC"
"Well, they (the contractors, I mean) are the main beneficiaries of money ""for Ukraine"".","Dec 13, 2023 ¬∑ 2:15 PM UTC"
"Great, it upgrades our Defense Industrial Base --- $$ spent for Ukraine is ~ spent in the US. Big plus! Sloughing off our downrev equipment is also a plus. But budget-busting, debt-ballooning, spending is killing us. ""There's a war on"" = Russia's answer to Star Wars spending.","Dec 13, 2023 ¬∑ 1:51 PM UTC"
"Braun is an anti-vaxxer, is against EU, Ukraine, Germany, LGBT, supports total ban of abortion and was the only one politician in the POL parliament who didn't support Finland's and Sweden's accession to NATO. He is pro-Kremlin and says... weird stuff about Star Wars.","Dec 13, 2023 ¬∑ 11:32 AM UTC"
#Reagan hat (unter anderem) die #udssr mit seinen #starwars (und finanziellen ressourcen) schneller in den ruin und zerfall getrieben ...jetzt schein #putinwarcriminal seine Ressourcen zu nutzen um es umgekehrt zu spielen (zumindest in bezug auf die #Ukraine,"Dec 13, 2023 ¬∑ 9:24 AM UTC"
Oi! I grew up with Tolkien and Star Wars. I'm nothing but supportive of Ukraine. Check my tweets I spend every day throwing them support. Back the fuck off from us righteous nerds üñïüò≠üòÇ,"Dec 13, 2023 ¬∑ 12:04 AM UTC"
"It‚Äôs the only fight putler has left in him: hate. It‚Äôs time to kill that hate. This isn‚Äôt Star Wars, you‚Äôre not a Sith Lord and your hate will not make you stronger. It‚Äôs time to support Ukraine in the best ways possible. It always gets darkest before the dawn.","Dec 12, 2023 ¬∑ 11:15 PM UTC"
Why is that important? Ukraine was once part of the USSR. How did that negatively affect us? We outspent the USSR on military spending/Star Wars and destroyed the Soviet Union by crashing their economy. The Soviet Union is now returning the favor.,"Dec 12, 2023 ¬∑ 9:32 PM UTC"
"Taylor Swift, porn, Trump, Taylor Swift, How to be Tik Tok Famous, porn, Taylor Swift, Lizzo, Kathleen Kennedy, [insert favorite conspiracy theories here] Disney, Star Wars, porn, DeSantis, Israel, Gaza, Ukraine, porn, Taylor Swift‚Ä¶","Dec 12, 2023 ¬∑ 3:55 AM UTC"
Star Wars is a better allegory for Russia/Ukraine than the presented Vietnam/America,"Dec 11, 2023 ¬∑ 5:15 PM UTC"
"I think we are in the dangerous brink right now and will be for the next few months. I share with you the sense we ""could"" all be doomed. But, I think the Force Is With Us, to use a Star Wars ref. Putin is going to lose cause he must. Trump/Putin are in their last desperate acts","Dec 10, 2023 ¬∑ 2:30 PM UTC"
"Truth in the movies, lies in the news... #Andromeda #Movies #SkyEvent #DEWS #Blackouts #Ukraine #StormElin #StormAlien #AI #Robot #StarWars #WWIII","Dec 9, 2023 ¬∑ 6:07 PM UTC"
"Goddammit, it's gonna be the Ukraine and Russia star wars post all over again","Dec 9, 2023 ¬∑ 3:05 AM UTC"
"SU-35S = star wars X wing , its so great it can fly over outer space and destroy 100,000 alien aircraft Not In reality, with SU-35s & SU-57, russia still cannot gain air superiority over Ukraine russia is the biggest joke, spreaded communism to share equality but most corrupt","Dec 8, 2023 ¬∑ 11:23 PM UTC"
We're trying to tell you why your belief of Ukraine being a beacon of democracy makes no sense. No democratic country suspends elections. If you've ever watched star wars you'll see a parallel between zelenskiy using a war to gain power and Palpatine.,"Dec 8, 2023 ¬∑ 9:43 PM UTC"
Like a Star Wars movieüòÇü´∂ slava Ukraine,"Dec 8, 2023 ¬∑ 9:20 AM UTC"
"they want this for free?. Give ukraine the entire star wars empire weapons, with the jedi, and storm troopers, the billions of clones, and they still going to be trying to advance in verbove 5 years from now.","Dec 8, 2023 ¬∑ 3:31 AM UTC"
#Biden is living in another world. It's like watching Star Wars with #NATO being the personification of the evil Empire and the US is Emperor Palpatine who is really Dark Sidious. Anyone with a brain cell can see #Ukraine has lost the war and will soon become part of #Russia.,"Dec 7, 2023 ¬∑ 3:52 PM UTC"
Brutalism Monuments / Architecture / Soviet Union / Eastern Europe / belarus / bulgaria /czechrepublic / hungary / moldova / poland /romania / russia / slovakia /ukraine /slavmemes / georgia /prypiat / Star Wars,"Dec 6, 2023 ¬∑ 8:23 PM UTC"
"Yeah, covid‚Ä¶ and the credit bubble, recession, election, Supreme Court and now the war in Ukraine and Israel‚Ä¶","Dec 6, 2023 ¬∑ 7:15 PM UTC"
Ukraine ahh sentence. Only thing missing is a Star Wars reference,"Dec 6, 2023 ¬∑ 4:37 PM UTC"
Russia can take Ukraine any time they like. Putin is playing the west like a fiddle. He's doing what Reagan did to Russia with the Star Wars hoax. Thinking the US actually had hardware in space Russia nearly bankrupted itself trying to keep up. At the time our program was only conceptual.,"Dec 6, 2023 ¬∑ 5:00 AM UTC"
"Just learned about this. The red & black flag is the symbol of Ukrainian Insurgent Army during WW2 that commited a brutal #genocide against Poles in Galicia‚ÄìVolhynia, and are now recognized as veterans in Ukraine. This is not the Light Side of the Force. ‚òπÔ∏è #StarWars #Wo≈Çy≈Ñ","Dec 5, 2023 ¬∑ 8:00 PM UTC"
It was first STAR WARS shown in Ukraine. FIRST. It was Geogreous,"Dec 5, 2023 ¬∑ 8:49 AM UTC"
"Thank you,Ivanna for being just an amazing person üòÄI hope to see you again. Can't wait for more Shin hati action with you in it. May the force be with you and Ukraine üá∫üá¶ .#StarWars #Ukraine","Dec 4, 2023 ¬∑ 1:53 PM UTC"
"To all the so-called Republicans who don‚Äôt want to support Ukraine: YOU are the RINO‚Äôs. Ronald Reagan spent billions of dollars on Star Wars, spent a significant amount of time in negotiations (and in making sure his warnings were believed when negotiations stalled), and an immeasurable number of hours & days in worry & strategic planning‚Ä¶and succeeded in not only ending the Cold War, but in negating the threat Russia (USSR was the name at the time, but Putin has made Russia an almost mirror image of the USSR regarding threat to the West). We now have a chance to stop Russia in their tracks, with a relatively low cost in dollars and no American loss of life. Ukraine has the courage to fight Russia for ALL of us. Without continued funding, Ukraine may fail. And, ùëπùíÜùíëùíñùíÉùíçùíäùíÑùíÇùíèùíî are the ones saying ‚ÄúNo. We won‚Äôt help Ukraine.‚Äù ùëπùíÜùíëùíñùíÉùíçùíäùíÑùíÇùíèùíî, who used to believe a strong military has deterrent value, are digging in and blocking at least 350 military nominees for leadership positions. You are NOT Republicans. You are populists who have taken over the Republican Party & the Republican name. You are, in fact, RINOs.","Dec 4, 2023 ¬∑ 12:35 PM UTC"
What does live as a free man mean? I have more freedom of speech in Hungary than I ever did growing up in the US. Also you‚Äôre creating a false dichotomy. The two choice aren‚Äôt ‚Äúsupport Ukraine or be invaded by Russia‚Äù this isn‚Äôt Star Wars or some Disney movie with good and evil,"Dec 3, 2023 ¬∑ 5:47 PM UTC"
"same for Ukraine, Home Alone, Die Hard and Star Wars are (or at least were since I haven't watched tv since 2014) ""Christmas movies"" here, Lord of the Rings being ""easter movies""","Dec 3, 2023 ¬∑ 4:47 AM UTC"
"Thank you, Ivanna Sakhno, for signing this. Ukraine will always have my support. It was amazing to see you, and I hope to see more of you in Star Wars. Glory to Ukraine üá∫üá¶","Dec 3, 2023 ¬∑ 3:31 AM UTC"
"You can send them for free rhe star wars entire empire fleet, and it would not make a difference, they will still be trying to advance in verbobe, fighting to keep robotyne, and losing klischiivka. Ukraine doesnt have a capable military period.","Dec 2, 2023 ¬∑ 2:46 PM UTC"
"Cover in some intersectional logos: blm, lgbt, antifa, hamas, che Guerra face, coexist, resist capitalism, apple, starbucks, ukraine, and star wars.","Dec 2, 2023 ¬∑ 2:36 PM UTC"
"Yes Saab, we both know our defensive space tech has profoundly improved in 40yrs. ‚ÄúThe Day After,‚Äù was filmed in 1982, released in ‚Äò83. Star Wars, brilliant pebbles & 2 we wont mention here, are 40yrs advanced/perfected. A bit like multiple defensive space reaper sovereigns.","Dec 2, 2023 ¬∑ 9:24 AM UTC"
Jabutee was an outstanding member of the OSINT/Ukraine community. It‚Äôs sad to see them go and furthermore infuriating that threats to Jabuttee‚Äôs security are what caused this.,"Dec 1, 2023 ¬∑ 12:21 AM UTC"
"Well, he's fortunate that final judgement isnt reserved for twitter. Mearsheimer (about Ukraine) said in an interview in 2015 that only he and Kissinger held the opinion that Crimea and Donbas was instigated by US mischief. with 1 left I hope academia moves on from this nonsense","Nov 30, 2023 ¬∑ 3:30 AM UTC"
"All of f** Eastern Europe would like a word with you. Ukraine would like a word with you about their situation right now. Open your eyes, you ideologue. You‚Äôre no better than a Bolshevik.","Nov 29, 2023 ¬∑ 11:42 PM UTC"
"Ukraine gifts are money laundered. This is proven thru the fact that there's very little evidence of war. With all the cell phones in use should be daily evidence, not a couple enacted videos. One even had 4 second Star Wars clip.","Nov 28, 2023 ¬∑ 11:30 PM UTC"
Bro now has both the Israel and Ukraine flags in his bio lmao. Which is it? If you think Russia is imperialist and Ukraine the smol bean defenders and yet you also think fucking ISRAEL is on the defensive while they commit genocide on live TV you have lost the fucking plot.,"Nov 28, 2023 ¬∑ 7:56 PM UTC"
"Ich bin so froh, dass Baerbock Russland und China gleichzeitig den Krieg erkl√§rt hat. Wenigstens eine die mal richtig harte Kante zeigt. Und zusammen mit ""Star-Wars"" Pistolius werden wir bald auf dem Roten Platz stehen ... #Baerbock for President in Ukraine ! #Lanz #Maischberger","Nov 28, 2023 ¬∑ 4:55 PM UTC"
"White people can only recognize oppression when it‚Äôs white people being my oppressed. Look at how they are to justify Jan 6th, Ukraine Hunger games and Star Wars.","Nov 28, 2023 ¬∑ 3:50 PM UTC"
Did you watch Star Wars? Ukraine is Rebel Alliance. JFC. üòí,"Nov 26, 2023 ¬∑ 8:00 AM UTC"
"3) Krieg in Gaza, Golan, Libanon & sp√§ter auch Syrien. Kein weltweiter Aufschrei ! #Bidens Biolabore in Ukraine k√ºmmern keinen. Beides, - #Bidens Treiben & #Trump's MAGA ist besorgniserregend. ""Kriege haben noch nie jemanden gro√ü gemacht"" Yoda, Star Wars. https://www.msn.com/en-us/news/world/trudeau-blames-right-wing-american-maga-after-canadian-conservative-party-votes-against-ukraine-bill/ar-AA1kwEf1?ocid=Aloha","Nov 25, 2023 ¬∑ 11:51 PM UTC"
"Last night, üá∫üá¶ Ukrainian Air Force sources reported a substantial deployment of Shahed-131/136 one-way attack drones by üá∑üá∫ Russian forces in Ukraine, as per Ukrinform. The primary focal point of this assault was the capital, Kyiv, drawing comparisons to a ""star wars"" scenario.","Nov 25, 2023 ¬∑ 8:02 AM UTC"
"#UkraineWar #Ukraine #FRussia Hey, they look like the rebels in Star Wars! They need their X-Wings! How about the F16 to start? üññ","Nov 24, 2023 ¬∑ 5:12 PM UTC"
@russia @POTUS @KremlinRussia_E @Ukraine @UN @TheTweetOfGod @jesus @sweden @NATO @jong_unDPRK @elonmusk @X @ShafiDev @SpaceX @Spotify @BBCWorld @instagram @YouTube @Roblox @Minecraft @Mojang @FortniteGame @starwars @UnrealEngine @Dream @RickandMorty @peacock @Disney @Pixar @HBO,"Nov 24, 2023 ¬∑ 12:24 PM UTC"
@russia @POTUS @KremlinRussia_E @Ukraine @UN @TheTweetOfGod @jesus @sweden @NATO @jong_unDPRK @elonmusk @X @ShafiDev @SpaceX @Spotify @BBCWorld @instagram @YouTube @Roblox @Minecraft @Mojang @FortniteGame @starwars @UnrealEngine @Dream @RickandMorty @peacock @Disney @Pixar @HBO,"Nov 24, 2023 ¬∑ 12:23 PM UTC"
"Na immerhin hat sie von Star Wars mehr Ahnung als von Politik, dem Krieg in der Ukraine oder sonst irgendwas zusammen.","Nov 24, 2023 ¬∑ 12:10 AM UTC"
"Frau @ulrikeguerot, f√ºr Sie als Ukraine und Star Wars Expertin relevant.","Nov 23, 2023 ¬∑ 4:56 PM UTC"
"An example that should be a warning sign for all media - just because someone speaks with a lot of conviction it does not make the person an expert. Here Ulrike Guerot on Star Wars (but who held equally confused but strong opinions on the Ukraine war, EU integration and more.)","Nov 23, 2023 ¬∑ 4:16 PM UTC"
"Erstaunlich, wie schmerzfrei diese Dame ohne Z√∂gern kenntnisfreien Unsinn raushaut. Wenn sie das bei sowas trivialem wie StarWars kann, am Ende kann sie das genauso bei wichtigen Themen wie Corona, Ukraine, ...? Nur so eine Vermutung.","Nov 23, 2023 ¬∑ 2:22 PM UTC"
"‚ÄúViel Du noch lernen musst‚Äù (nicht nur zu Star Wars, sondern auch Russland-Ukraine und eigentlich ziemlich alles was Gu√©rot so kommentiert‚Ä¶)","Nov 23, 2023 ¬∑ 2:18 PM UTC"
"Und nein, niemand muss alle Star Wars Namen kennen, aber dann auch nicht dr√ºber fachsimpeln! Aber das erkl√§rt die ganze ""Russland-Ukraine-Expertise"" dieser Leute. ""Naja, dieser Selenki, der ist doch Oligarch. Und Kief war mal Russland. Damals, als Peter der Kleine regierte!""","Nov 23, 2023 ¬∑ 9:42 AM UTC"
"Duck Vader und der Meister Urbi wan Orbi. Muss man nicht wissen. Kein Problem. Ist lustig, da zuzuh√∂ren. Schwierig ist allerdings, wenn Expertentum in Anspruch genommen wird. Ihre Ukraine-Takes h√∂ren sich f√ºr einige so an, wie das, was Ihr hier √ºber Star Wars h√∂rt.","Nov 23, 2023 ¬∑ 7:55 AM UTC"
"Thanks so much for doing what you do, Constantine. You, @TonyaLevchuk, @YuliiaStetsk, and everyone at @LibertyUkraineF are indispensable not only for your work for Ukraine but to people like me who want to think they are making a small difference by donating to a good cause.","Nov 22, 2023 ¬∑ 8:08 PM UTC"
1200 of those expired atacms that you know work because Ukraine fired some from ‚Äò96 would really help make Ukraine a ‚Äúfighting force for the future‚Äù. So why aren‚Äôt you sending them?,"Nov 22, 2023 ¬∑ 6:51 PM UTC"
"Who would stop them? The Russians are using Ukraine to drain the military supplies and destroy the economies of the west, same thing that Reagan did with Starwars.","Nov 22, 2023 ¬∑ 12:20 AM UTC"
"Lol, ""Star Wars"" was a pipe dream back in the 80's when Regan proposed it, and it still is. And if you are so pumped up to go fight for Ukraine and Israel, then by all means, get on a plane and go do so. Stop advocating for sending others for something you won't do.","Nov 20, 2023 ¬∑ 7:42 PM UTC"
The more you know... Who funded HAMAS? Who trained them & where? Same question for NeoNazis and Nazis in #Ukraine Answer is probably the same in both Are we in #Syria legally? Or are we just stealing and controlling their oil by force? #TradeFederation #StarWars,"Nov 18, 2023 ¬∑ 8:54 AM UTC"
"I wonder why UKRAINE don't break down Crimean Bridge? Is it secretly under Peace Negotiation, RUSSIA request is, Don't break down Crimean Bridge? Crimean Bridge down, PUTIN also down, it makes difficult to negotiate? No S-300/S-400 near Crimean Bridge?","Nov 17, 2023 ¬∑ 1:10 PM UTC"
"""OMG OMG it's just like the Naboo Hangar in the Phantom Menace"" #Resistance #StandWithIsrael Joking aside I hate Star Wars fans when they did this over Ukraine","Nov 17, 2023 ¬∑ 1:06 AM UTC"
Hopefully something good comes out of this in terms of pressure to provide Taurus and joint deliberation on bolstering Ukraine‚Äôs air/AD capabilities for the spring.,"Nov 16, 2023 ¬∑ 2:37 PM UTC"
"Kaputtesten (12) Der Mann, der als Korrespondent aus der Ukraine schnell nach Pal√§stina gebeamt wurde. Ist er wirklich hier oder dort? Steht er nur vor einem Greenscreen im Studio? Warum landeten Star-Wars-Raumschiffe in der Ukraine?","Nov 16, 2023 ¬∑ 10:42 AM UTC"
That sounds accurate. Ukraine hasn‚Äôt had more than a few companies over on the left bank for a while now to have a minimal logistical footprint (resupply by boats). They would need to create a bigger buffer zone to make a brigade+ sized investment across the water,"Nov 14, 2023 ¬∑ 5:56 PM UTC"
isnt that the thing from star wars,"Nov 14, 2023 ¬∑ 1:42 PM UTC"
"James licensed his voice as Darth Vader from 1977 to Lucas Film for use in this and future Star Wars projects. Ukraine company, Respeecher, developed this voice clone.","Nov 14, 2023 ¬∑ 2:14 AM UTC"
"Started to see this in the early months of the Ukraine war w/ all the Avengers/Star Wars memes but what's going on in Gaza feels like the first truly internet-poisoned conflict. IDF doing hot babe tiktoks, national accounts posting smolbean tweets; off-the-charts Verhoeven shit","Nov 13, 2023 ¬∑ 5:59 PM UTC"
Star-Wars-Video wurde f√ºr Ukraine-Berichterstattung genutzt https://p.dw.com/p/480NQ?maca=de-Twitter-sharing,"Nov 13, 2023 ¬∑ 10:30 AM UTC"
"Peace would be nice. When it gets outside of shitty little rockets, it becomes Reagan's Star Wars. I hope we see peace in the Levant and Ukraine very soon. I'll stop talking now.","Nov 12, 2023 ¬∑ 4:43 PM UTC"
"Its got nothing to do with the war its twisted socialists using any event or tragedy to attack a tory govt. did the same with BLM movement. Funny they didn‚Äôt protest for Ukraine, because that was too clear cut to stir up political unrest. Sad weird people, socialists.","Nov 12, 2023 ¬∑ 3:09 PM UTC"
"Yes I made it out alive...can't say the same for my bank account ü§£. And thank you, they are 13 yrs old. The calico is Samantha and the other one is Luke..Anakin...Skywalker (our youngest named him) can you tell he was obsessed with starwars üòÅ","Nov 12, 2023 ¬∑ 12:24 AM UTC"
"I was expecting a bit more technology involved in the war in Ukraine-sort of Star wars level (only got meat waves and drone drop attacks.) Only after some of us pointed that drones can be used for demining, this was implemented. Moving forward there's scope for more tech .","Nov 11, 2023 ¬∑ 11:26 PM UTC"
Right I'm not arguing the capability of GLSDB and ATACMS are interchangeable. I'm saying the overall effect of GLSDB will be limited similar to the ATACMS that Ukraine currently has because of the limited quantity being sent in the first few deliveries.,"Nov 11, 2023 ¬∑ 5:44 PM UTC"
A Star Wars/furfag/ukraine supporter! Can you be any more cringe?,"Nov 10, 2023 ¬∑ 8:10 PM UTC"
that‚Äôs‚Ä¶.probably the worst possible analysis of the russia-ukraine war you can get. ‚Äúthis is just like star wars‚Äù makes more sense,"Nov 9, 2023 ¬∑ 8:26 PM UTC"
"Russians reporting piecemeal on Ukraine gaining any indirect fire control of the road could be as significant as destroying a couple trucks with FPV drones or as serious as consistent interdiction (direct fire, mortar fire)...and if I was a betting man I'd bet on door one.","Nov 9, 2023 ¬∑ 5:42 PM UTC"
"So the FABs are coming through still, albeit in less numbers than a month ago...But I'd argue the targets only get easier the further south Ukraine pushes because you cant set up strategic AD on the left bank without a bridge. And the logistical supply is still a problem","Nov 9, 2023 ¬∑ 2:17 PM UTC"
I chuckle a little when I think that Mark participated in the fall of Star Wars AND the fall of Ukraine. Lol,"Nov 8, 2023 ¬∑ 9:01 PM UTC"
"üò® –ü—Ä–∏–∫—Ä—ñ –Ω–æ–≤–∏–Ω–∏. –§–∞–Ω–∞—Ç—Å—å–∫–∞ –ª–æ–∫–∞–ª—ñ–∑–∞—Ü—ñ–π–Ω–∞ —Å–ø—ñ–ª–∫–∞ @TSF_Ukraine (–≤ —Å–∫–ª–∞–¥—ñ —è–∫–æ—ó —è –Ω–∞–≤—ñ—Ç—å –æ–∑–≤—É—á–∏–≤ –∫—ñ–ª—å–∫–∞ —ñ–≥–æ—Ä) –ø—Ä–∏–ø–∏–Ω—è—î —Å–≤–æ—î —ñ—Å–Ω—É–≤–∞–Ω–Ω—è –£ –ø–æ—Ä—Ç—Ñ–æ–ª—ñ–æ –ø–µ—Ä—à—ñ Half-Life, Quake 2, StarCraft, Star Wars Jedi Knight, Red Alert 2 —Ç–∞ –π –∑–∞–≥–∞–ª–æ–º –±–µ–∑–ª—ñ—á –∫—Ä—É—Ç–∏—Ö —ñ–≥–æ—Ä 2000—Ö –î–∞–ª—ñ –Ω–∞ —Å–∫—Ä—ñ–Ω—ñ:","Nov 8, 2023 ¬∑ 2:48 PM UTC"
Hold the line! Glory for Ukraine! Glory for the Republic! Glory to heroes! Slava Ukraine! Appreciate the well wishes! I like Star Wars too!,"Nov 7, 2023 ¬∑ 6:36 PM UTC"
"Ich w√ºrde da ja mit einem Star Wars Zitat antworten: ""Only a Sith deals in absolutes."" Ich bin weit weg davon die Bild gut zu finden, ihre Coronaberichterstattung war z.B. unterirdisch. Aber es gibt wenig bessere Podcasts zum Krieg in der Ukraine und in Israel.","Nov 7, 2023 ¬∑ 3:51 PM UTC"
"[mark hammill, tied to a chair in a shipping container] i'm sorry for doing all the posts about ukraine, please let me die me: shut up. the hundred years war, england and france fight over english claims to the french throne. which side is Star Wars","Nov 6, 2023 ¬∑ 7:31 PM UTC"
"C'est votre chef des arm√©es qui le dit , il a aussi dit que l'Ukraine est dans une impasse est qu'√† moins de d√©couvrir la poudre ( ah zut les chinois l'ont d√©j√† fait ) o√π d√©couvrir les armes de star Wars l'Ukraine ne gagnera pas . Soyons raisonnable arr√™tons le massacre .","Nov 6, 2023 ¬∑ 3:54 PM UTC"
"Same with Star Wars and a real world example of Ukraine. ‚ÄúIt‚Äôs very emotional for me because I see European people with blue eyes and blonde hair being killed, children being killed every day by Putin‚Äôs missiles, helicopters and rockets,‚Äù said David Sakvarelidze.","Nov 6, 2023 ¬∑ 2:48 PM UTC"
I can come on and talk how Star Wars influenced real life war and politics especially what‚Äôs happening in Gaza and Ukraine,"Nov 6, 2023 ¬∑ 10:41 AM UTC"
is this that amerikan trans? or do they alla look the same? You have a bigger chance to win this propaganda stunt. if u say u are a clone and ukraine is gonna win > star wars clone war ...,"Nov 6, 2023 ¬∑ 9:52 AM UTC"
"Where, friend, do you propose they go? This is the same 'good guy'/'bad guy' foreign policy that brought the West into Vietnam, Iraq, Afghanistan and Ukraine: 'You're 'bad' so it's your fault.' We don't live in a Star Wars movie. The US administration wants oil and war with Iran.","Nov 5, 2023 ¬∑ 3:49 PM UTC"
Mike I‚Äôll be honest . I hated last Jedi . Felt sorry for hamil . But recently with Hamill political views and him suppprting Biden Ukraine Israel etc has really put me off . Just numb about Star Wars and hamil,"Nov 5, 2023 ¬∑ 12:21 AM UTC"
"Any more wartime Star Wars references? You were all about it when supporting Ukraine went viral. ""RESISTANCE"" lol - So what about Palestine/Israel? How does the Star Wars comparison apply there? Who are the Rebels, and who is the Empire?","Nov 3, 2023 ¬∑ 7:08 AM UTC"
"Russia uses mostly thermite munitions in Ukraine (which burn a lot hotter), not white phosphorus. 922Ms.","Nov 2, 2023 ¬∑ 12:56 PM UTC"
"""OMG Ukraine is struggling to push an illegally invading force out of its territory! Clearly instead of giving them what they need we should throw our hands up in the air about the apparent futility of our support"" imagine Roosevelt had this weak mindset supplying Great Britain","Nov 2, 2023 ¬∑ 1:24 AM UTC"
"Tiens, j‚Äôai trouv√© un sujet de d√©bat possible, o√π on accepte des nuances, on ne s‚Äôinsulte pas directement. Ce n‚Äôest ni l‚ÄôUkraine ni la Palestine √©videmment, mais c‚Äôest l‚Äôunivers de Starwars. Je suis m√™me positivement √©tonn√©, car ses amateurs ont la r√©putation d‚Äôhyst√©riques.","Nov 1, 2023 ¬∑ 10:19 PM UTC"
Not such a great commander after all. Maybe he needs a Star Wars ship. Eastern and Central European countries fought many bloody wars on their path to freedom. It‚Äôs not fair but it is what it is. Current generations of Ukraine must pay the price which their predecessors signed,"Nov 1, 2023 ¬∑ 7:50 PM UTC"
Not such a great commander after all. Maybe he needs a Star Wars ship. Eastern and Central European countries fought many bloody wars on their path to freedom. It‚Äôs not fair but it is what it is. Current generations of Ukraine must pay the price which their predecessors signed,"Nov 1, 2023 ¬∑ 7:48 PM UTC"
"there's a three-letter word that not one member of admin has said since February 24th, 2022 about Ukraine. Regardless of the political aim in bill separation, there is no possible way you could consider that an invalid point.","Nov 1, 2023 ¬∑ 2:54 PM UTC"
"Now you‚Äôre getting it. Regan bankrupted the USSR with Starwars, Putin will bankrupt the USA with Ukraine.","Nov 1, 2023 ¬∑ 5:15 AM UTC"
–°—Ç—É–¥—ñ—é Pixar –≤ 1985 —Ä–æ—Ü—ñ –∫—É–ø–∏–≤ –°—Ç—ñ–≤ –î–∂–æ–±—Å #–ø—ñ–∫—Å–∞—Ä #—Å—Ç—É–¥—ñ—è–ø—ñ–∫—Å–∞—Ä #—Å—Ç—ñ–≤–¥–∂–æ–±—Å #–¥–∂–æ—Ä–¥–∂–ª—É–∫–∞—Å #–∑–æ—Ä—è–Ω—ñ–≤—ñ–π–Ω–∏ #–≥—Ä–∞—Ñ—ñ–∫—Å–≥—Ä—É–ø #–≤—ñ–∫—Ç–æ—Ä–≤–æ–ª–∫–µ—Ä #–≤–æ–ª–∫–µ—Ä #—á–∏—Ç–∞—Ç–∏ #–∫–Ω–∏–≥–∏ #pixar #graphicsgroup #starwars #lukas #georgelucas #stevenjobs #books #ukr #ukraine #walker #victorwalker #bestbook #like,"Nov 1, 2023 ¬∑ 3:30 AM UTC"
–£ –ó–æ—Ä—è–Ω–∏—Ö –í—ñ–π–Ω–∞—Ö —î 63 –∫–Ω–∏–≥–∏ –í—ñ–∫—Ç–æ—Ä –í–æ–ª–∫–µ—Ä - —É–∫—Ä–∞—ó–Ω—Å—å–∫–∏–π –ø–∏—Å—å–º–µ–Ω–Ω–∏–∫ #–∑–æ—Ä—è–Ω—ñ–≤—ñ–π–Ω–∏ #–≤—ñ–∫—Ç–æ—Ä–≤–æ–ª–∫–µ—Ä #—É–∫—Ä–∞—ó–Ω–∞ #–∑–≤–µ–∑–¥–Ω—ã–µ–≤–æ–∏–Ω—ã #–≤–∏–∫—Ç–æ—Ä–≤–æ–ª–∫–µ—Ä #–∫–Ω–∏–≥–∏–∑–≤–µ–∑–¥–Ω—ã–µ–≤–æ–π–Ω—ã #starwars #victorwalker #walker #ukraine #booksstarwars,"Nov 1, 2023 ¬∑ 3:29 AM UTC"
2nd best in Ukraine,"Oct 31, 2023 ¬∑ 6:23 PM UTC"
"She absolutely does not talk any sense. Around a year ago she was tweeting with full sincerity that the Ukraine invasion was orchestrated by Fauci to distract from 'the waining Covid narrative', she followed accounts that believed K.Kennedy was in a satanic child sex cult FFS.","Oct 31, 2023 ¬∑ 5:16 PM UTC"
Why only 500k? Make it 600k or 700k. You guys create new numbers every day like Ukraine have received clone troopers from Star Wars.,"Oct 31, 2023 ¬∑ 9:10 AM UTC"
"And many of us have. We are many, we are probably still the majority, but we are not the whole. And we need to be. Ukraine to me shows how far we have drifted apart as Americans: we see foreign policy as an excuse to knock each other down rather than something to unify around.","Oct 30, 2023 ¬∑ 9:35 PM UTC"
"To dismiss the Ukrainian cause as hopeless is to abandon the ‚Äúself evident truth‚Äù that governs the fabric of the American nation and, by extension, the principle that all free nations should have a right to self-determination. Ukraine WILL win but only if we remember who we are.","Oct 30, 2023 ¬∑ 9:31 PM UTC"
"unfortunately if we learned anything from Ukraine its that a lot of Americans dont have any understanding of the world that comes from anywhere besides Harry Potter, Lord of the Rings, Star Wars, and Marvel","Oct 30, 2023 ¬∑ 8:12 PM UTC"
"I agree , most of my countrymen (US) try to see from the perspective of a Disney movie or superhero movie like marvel thinking that the world will have a clear ""Good vs evil"" like in the movies hence why Ukraine and Israel use propaganda showcasing marvel and Star wars","Oct 30, 2023 ¬∑ 5:25 PM UTC"
"Every time That Junkman triggers someone, five dollars is donated to Save the Children, a charity dedicated to helping Ukrainian children who like Star Wars. I guess you don't support Ukraine. ‚òπÔ∏è","Oct 30, 2023 ¬∑ 2:41 PM UTC"
"Why believe a racist, transphobic, denialist of Russia's invasion of Ukraine and Trump supporter?","Oct 30, 2023 ¬∑ 6:52 AM UTC"
"By ""more"" I mean the consistently greater deliveries of 155mm ammunition to meet Ukrainian operational demands that we haven't been able to meet earlier bc of underproduction in the EU and US. imo, Ukraine can't win until production catches up, it won't be till at least late 2024","Oct 30, 2023 ¬∑ 12:16 AM UTC"
Ofc more ammo is absolutely required. Especially if we want Ukraine to push back Russia in the foreseeable future. But this is a war of attrition. It will probably not be over in a year. Constant deliveries are what Ukraine needs.,"Oct 30, 2023 ¬∑ 12:04 AM UTC"
You can go to NASA's FIRMS map and look at it yourself. Ukraine has gained the artillery advantage. It's just not a huge difference now. Compared to the huge advantage Russia had before.,"Oct 30, 2023 ¬∑ 12:02 AM UTC"
"Russia does hate western values, I agree. The political extremes need to stop their policy of Russian appeasement and realize what supporting Ukraine means for global security","Oct 29, 2023 ¬∑ 10:07 PM UTC"
"These are the russians that claim to be ""denazifying"" Ukraine btw. Funny how it takes dunking on Biden to admit that russia brews a culture of hatred and aggression","Oct 29, 2023 ¬∑ 9:56 PM UTC"
a pyrrhic capture of the town if they really wanted. And they'll probably be able to afford pulling stupid shit like this once a year to appease their public until Ukraine is no longer limited by ammo shortages. TLDR some ammo is good,"Oct 29, 2023 ¬∑ 9:19 PM UTC"
than they are currently expending. I've noticed a pattern in the Ukraine information space where Russians report an uptick of fires on telegram and everyone jumps to the conclusion that Ukraine must now have more ammo than the Russians do. All the evidence (satellite imagery (3/,"Oct 29, 2023 ¬∑ 9:08 PM UTC"
"More artillery ammunition than the offense to ward off attackers. This reality may have been offset by Russia's artillery-centric offensive practices, but Ukraine could have stopped ANY advance of these meat waves in Avdiivka (and Bakhmut last year) with double the ammunition (2/","Oct 29, 2023 ¬∑ 9:06 PM UTC"
"Have and have-not is a bit of an exaggeration (admittedly on my part) - what I mean is that Ukraine's stockpiles of 155 are still nowhere near up to snuff, especially after the logistical drain of the counteroffensive.Russia probably burnt a lot, but defense naturally expends (1/","Oct 29, 2023 ¬∑ 9:03 PM UTC"
"Actually yes, they have it. Russia has burned through their huge stockpiles and are now, like Ukraine, limited by their production.","Oct 29, 2023 ¬∑ 7:55 PM UTC"
"Maybe Ukraine can shoot more artillery in short bursts at the Russians, and that is being reported, but they cant consistently shoot more artillery. They just don't have it. Ukraine will have to rely on continuing to wear Russia out and making them pray the price for pushing.","Oct 29, 2023 ¬∑ 7:29 PM UTC"
"tactically important at best, in the sense that the buildings there can help Ukraine establish a more permanent foothold on the left bank. I agree with your criticism, the distinction is important. Still good news!","Oct 29, 2023 ¬∑ 6:15 PM UTC"
#GazaWar #FreePalestine #Ukraine #Netanyahu #Biden #StarWars,"Oct 29, 2023 ¬∑ 2:47 PM UTC"
"Today, tomorrow, and the day after Ukraine is fully liberated üíôüíõ","Oct 28, 2023 ¬∑ 11:07 PM UTC"
"The effort doesn‚Äôt stop, and it is up to us the supporters of Ukraine to keep the effort alive in our words and in our actions. Luckily the wonderful @LibertyUkraineF simplifies our difference-making ability to just financial support - they do the colossal rest. Donate today!","Oct 28, 2023 ¬∑ 11:05 PM UTC"
"Although the war in Ukraine is being waged with a host of advanced technologies, the battlefield tends to resemble World War I more than Star Wars, writes Stephen Biddle. Why haven‚Äôt cutting-edge tools revolutionized warfare in Ukraine?https://trib.al/7ZmIGv1","Oct 28, 2023 ¬∑ 8:11 PM UTC"
This ain‚Äôt Star Wars bro.,"Oct 28, 2023 ¬∑ 7:52 PM UTC"
"Reagan bankrupted the USSR with his mostly imaginary ""Star Wars"" program as they tried to keep up leading to their collapse. Putin is doing the same thing to NATO and the US in Ukraine. He could end it any time he likes and is playing the West like a fiddle.","Oct 28, 2023 ¬∑ 7:17 PM UTC"
"""realists"" explaining why we need to deplete existing PGM stocks to top off a country that has air supremacy over terrorists while at the same time arguing aid to Ukraine (air parity, ammo shortage) that invests in our industry should be stopped (china is outproducing us).","Oct 28, 2023 ¬∑ 5:19 PM UTC"
Isolationism is an inherently inconsistent policy from both a standpoint of national interest and morality is what I‚Äôm getting at. But I agree DeSantis being lukewarm on Ukraine and gung Ho about Israel makes less sense,"Oct 28, 2023 ¬∑ 2:39 PM UTC"
He opposes aid to Israel and Ukraine. Desantis in contrast thinks Israel matters.,"Oct 28, 2023 ¬∑ 2:33 PM UTC"
How is virtue signaling about Palestine while vehemently opposing aid to Ukraine consistent?,"Oct 28, 2023 ¬∑ 2:27 PM UTC"
I thought Ukraine was with the Dark side #Starwars #FreeGaza #FreePalestine,"Oct 28, 2023 ¬∑ 7:58 AM UTC"
"Fake news ici c pas star wars enculer arr√™te de diffuser du faux sa t'apporte quoi tdc media de mes couille cette video on la vu 12""000 fois pour l'ukraine sa a cause des gens comme toi que les chose s'empire","Oct 27, 2023 ¬∑ 10:05 PM UTC"
This is Jedi Master level cool. @MarkHamill Hey! You guys wanna see my cool Star Wars fort? https://invidious.perennialte.ch/sE1mr8iCvA8?si=eRmQgjn5VQ0wp-TK,"Oct 27, 2023 ¬∑ 6:39 PM UTC"
#starwars #kherson #Ukraine,"Oct 27, 2023 ¬∑ 5:58 PM UTC"
"Please credit @Teoyaomiquu at the very least, if not actually reccokending the fundraiser. This is really shitty to take footage that is meant to promote helping Ukraine and stealing it just to help your own clicks","Oct 27, 2023 ¬∑ 2:59 PM UTC"
Did Joe let 13 service members die in Afghanistan? Did he leave a billion dollars of equipment in Afghanistan? Do you think that those weapons and the lost weapons of Ukraine (I heard that is the title of the next Star Wars) ended up with Hamas? What say you,"Oct 26, 2023 ¬∑ 10:22 PM UTC"
This war is fake and gay and Israel doesn‚Äôt have a shred of credibility. This is as embarrassing as when Ukraine used Star Wars imagery for their propaganda. Amateur clown shit. You know who‚Äôs not cringe-posting and pandering to Disney adults? Russia and Hamas.,"Oct 26, 2023 ¬∑ 3:53 PM UTC"
"Israel's PR team seeing Ukraine's Harry Potter and Star Wars tweets flopping horrendously and thinking ""yes that'll definitely get white liberals on our side"" only for them to fail even harder is amazing","Oct 26, 2023 ¬∑ 3:18 PM UTC"
I did my own research and it turns out Russia invaded Ukraine because new Star Wars went woke,"Oct 26, 2023 ¬∑ 8:52 AM UTC"
Ukraine basically did this exact meme early on in the war. It was this or a Star Wars comparison.,"Oct 26, 2023 ¬∑ 3:35 AM UTC"
"From the redditors that brought you ""the war in Ukraine is just like Star Wars""","Oct 26, 2023 ¬∑ 1:54 AM UTC"
"What is the instinct to make things like this? Consumerist things like Harry Potter, Hunger Games, Star Wars used as a lens for war support. Happened a lot with Ukraine war propaganda too. Mass Media, Zionist, CIA pipeline? Am I thinking too much on it? It really is off-putting.","Oct 26, 2023 ¬∑ 12:03 AM UTC"
"I thing that fascinated me early in Ukraine war - Russian channels were packed with US pop culture meme - Star Wars especially. And they were painting themselves as the Empire without any second thought. Hey guys... you know they lost, right? üòÖ Lately I have seen some US army unit doing the same.","Oct 25, 2023 ¬∑ 10:58 PM UTC"
"Cartoon ""Deadly Conflict"", episode II: First we had Star Wars with Ukraine and now thisüòÇ","Oct 25, 2023 ¬∑ 10:07 PM UTC"
"Well, Ukraine got Star Wars, so this is only fair.","Oct 25, 2023 ¬∑ 9:40 PM UTC"
This reminds me of the Ukraine Star Wars post lmao,"Oct 25, 2023 ¬∑ 9:16 PM UTC"
I mean Ukraine was pulling similar shit with Star Wars üôÑ,"Oct 25, 2023 ¬∑ 8:17 PM UTC"
Every war from Ukraine to the future heckin star wars Harry Potter Beetlejuice reddit,"Oct 25, 2023 ¬∑ 8:05 PM UTC"
cringe ike when Ukraine tweeted stuff about like star wars to try and compare the war there (not a defence of russia or whatever is going on there atm) just that israel looks SO bad that they're trying to frame it via kids media to show that they dont see palestinians as human,"Oct 25, 2023 ¬∑ 7:42 PM UTC"
"That, and there‚Äôs also something so‚Ä¶ patronizing, infantilizing about it. This idea that people can only understand & process these world historical events through the flimsiest of pop culture lens. It‚Äôs like when people were making HP/Avengers/Star Wars memes about Ukraine","Oct 25, 2023 ¬∑ 7:37 PM UTC"
Israel has achieved ukraine harry potter star wars levels of CRINGE,"Oct 25, 2023 ¬∑ 6:54 PM UTC"
You would be a starwars nerd ü§£ü§£ü§£ How's your boy biden doing in office again? Can't even get a sentence out for himself? Yeah. Giving billions to Ukraine? Yeah. Making America the biggest joke of a country ever? Yeaaaah. Trump lives in your head rent free? Yeah.ü§î,"Oct 25, 2023 ¬∑ 12:33 PM UTC"
"I saw another one recently and thought the same. Boy who was clearly uninjured. They're doing the same as all the Ukraine fake videos, which got to the point of ridiculousness with fake wooden rifles, Star Wars storm troopers in the background etc","Oct 25, 2023 ¬∑ 7:43 AM UTC"
For the Star Wars special editions Temuera Morrison recorded his lines for Boba Fett from New Zealand over the phone. Everything will be fine. For the film. idk about Ukraine.,"Oct 24, 2023 ¬∑ 8:47 PM UTC"
With no neighbors willing to help it. Very unlike Ukraine. But in all seriousness without Israel does the Middle East really become peaceful? Unlikely. The only time it was ever sort of peaceful was as part of imperial structures like the Ottoman or various Persian empires.,"Oct 24, 2023 ¬∑ 8:14 PM UTC"
Both Bro. It feels like this is Star Wars Emperor Palpatine and Dooku playing both sides of the war. Russia / Ukraine too.,"Oct 24, 2023 ¬∑ 7:41 PM UTC"
"As if walking on eggshells with Ukraine aid because of fear of crossing an arbitrary Russian ‚Äúred line‚Äù wasn‚Äôt the entire reason this mess started dating back to 2014. Stand up to Putin, or else you are feeding in to his deterrence strategy.","Oct 24, 2023 ¬∑ 5:18 PM UTC"
"There are things Ukraine needs we could be sending NOW, before Congress gets any bill together. Not to mention it would help a hell of a lot more if admin could just come out and say they want Ukraine to win against one of our great power rivals.","Oct 24, 2023 ¬∑ 4:38 PM UTC"
"We are the arsenal of democracy and our aid choices need to reflect that position. Ukraine is holding back the entire Russian army and we are slowrolling aid, but all of a sudden Israel wants to curb stomp Gaza and we throw in the kitchen sink. Make admin's policy make sense.","Oct 24, 2023 ¬∑ 4:36 PM UTC"
"Like, he had some takes about Ukraine that were like cmon bro but what he said wasn‚Äôt even close to people like hinkle. a Russian flag at an air soft game from 2016 literally means nothing, and isn‚Äôt worth doxxing this guys entire livelihood","Oct 24, 2023 ¬∑ 4:18 PM UTC"
"Atheists have nothing to live/die for, so they treat the Ukraine conflict as their own personal Star Wars style conflict - from the safety of their computer screens, of course.","Oct 24, 2023 ¬∑ 4:10 PM UTC"
"reminds me: we need to be sending more patriots to Ukraine, at least another battery. Why aren‚Äôt we doing it? Biden at least has the PDA to send one over now along with the usual stuff. We can send multiple crewed Patriot batteries and THAAD to the Middle East but none to üá∫üá¶?","Oct 24, 2023 ¬∑ 4:34 AM UTC"
"The fact that #Ukraine commercial drones are consistently able to strike this far behind the front lines is incredible, and I don't think enough people are talking about it. Only a year ago it was grenade drops with 5km reach, max. We are seeing an almost tripling of that range.","Oct 21, 2023 ¬∑ 7:03 PM UTC"
"""60 BILLION FOR UKRAINE OMGGG"" tells me you didn't even read the supplemental where over half the funds are 4 replenishing OUR stocks and strengthening OUR military. Admin is requesting 12B for USAI, for the PDA cap to be increased to 7 Billion for FY24. the 2B to Asia is for FMF","Oct 21, 2023 ¬∑ 6:31 PM UTC"
"""Peinlicher Fehler: Israelischer TV-Sender zeigt Star-Wars-Video in Ukraine-Bericht"" https://www.stern.de/panorama/weltgeschehen/fakevideo--israelischer-tv-sender-zeigt-star-wars-video-in-ukraine-bericht-31694006.html","Oct 21, 2023 ¬∑ 6:55 AM UTC"
The shit that isn‚Äôt replenishment is as follows: USAI 12B FY 2024 PDA cap increase request 100m ‚Äî> 7b FMF 7.2B‚Äî1.7b in financing for foreign sales to Ukraine/European countries who make sales to replace equipment donated to Ukraine. 3.5b for Israeli sales & 2b for indo pacific,"Oct 21, 2023 ¬∑ 4:19 AM UTC"
"Hey Ukraine, perhaps you should USE what we have sent you MORE effectivity instead of shooting like fucking starwars stormtroopers.","Oct 20, 2023 ¬∑ 11:32 PM UTC"
Of the 100b in supplemental it looks like only 7b is allocated in PDA for FY2024. An absolute joke of a request. Do these guys even want Ukraine to hold the line much less win?,"Oct 20, 2023 ¬∑ 5:40 PM UTC"
Well for once they get rhe message that Russia is a piece of shite! Soon to be seen in Ukraine...putting Israeli tech against Russian is like taking Starwars to fight Russian kozaks! Still dont understand Arab armies buying Russian shite..look at battlefields Ukraine!,"Oct 20, 2023 ¬∑ 1:30 PM UTC"
"$60 billion ""for Ukraine"" ... I wonder if that is still a $1.2 billion PDA for FY24. LOL And Biden STILL has $4.9 billion from FY23's PDA.","Oct 20, 2023 ¬∑ 5:46 AM UTC"
"It's definitely always better. What Ukraine reports is still more trustworthy, but its just a report at the end of the day and there can be a multitude of reasons why one report from one source isnt always 100% accurate.","Oct 20, 2023 ¬∑ 3:34 AM UTC"
"If the initial story is correct, then yes. I don't know why we think Israel needs 155 more than Ukraine given they have air superiority and are mostly requesting SDB/JDAM. Unless they want to turn Gaza into a parking lot after theyre done turning it into Dresden?","Oct 20, 2023 ¬∑ 3:07 AM UTC"
It's worse than that Aaron. This is a disinformation imperative borrowed from the üá∑üá∫ prop grapevine to delegitimize the Ukraine crisis in the eyes of the public.,"Oct 20, 2023 ¬∑ 2:15 AM UTC"
The $100 Billion ‚ÄúEmpire Strikes Back‚Äù‚Ä¶ ____________________ ‚Äú–ò–º–ø–µ—Ä–∏—è –Ω–∞–Ω–æ—Å–∏—Ç –æ—Ç–≤–µ—Ç–Ω—ã–π —É–¥–∞—Ä‚Äù —Å—Ç–æ–∏–º–æ—Å—Ç—å—é –≤ 100 –º–∏–ª–ª–∏–∞—Ä–¥–æ–≤ $$$‚Ä¶ #StopWAR #StarWARS #StopWARS #—Ö–∞–º–∞—Å #–≥–∞–∑–∞ #usa #iran #–≤–æ–π–Ω–∞ #—É–∫—Ä–∞–∏–Ω–∞ #–∏—Ä–∞–Ω #syriy #–ø–æ–ª–∏—Ç–∏–∫–∞ #gaza #israel #war #new #ukraine #news #MillenniumFALCON,"Oct 20, 2023 ¬∑ 1:56 AM UTC"
Dzhankoi.,"Oct 19, 2023 ¬∑ 11:22 PM UTC"
"Again, you are the person driving this narrative. A more likely option is we are Star Wars fans. The strength of #NAFO is we all have different likes and dislikes. But we all like Ukraine. Your insult show me you are losing this argument.","Oct 19, 2023 ¬∑ 7:38 PM UTC"
"Oh wonderful, now just saying that you don't like how Star Wars focuses on the Skywalkers too much triggers keywords for a barrage of anti-Ukraine, pro-Israel, pro-republican propoganda spam accounts with no pfps and nonamebunchoflettets. Love this site!","Oct 19, 2023 ¬∑ 6:07 PM UTC"
"Also, they will need lots and lots of JDAM + wing kit to conduct airstrikes. Russia is conduction tens of times the amount of airstrikes as Ukraine. Not only will F16 be used to negate that they also need to be able to drop bombs consistently to move the front","Oct 19, 2023 ¬∑ 1:00 PM UTC"
"Okay he was discussing how US was the reason Vietnamese hated China without realizing that China invaded Vietnam. He stated Putin would never invade Ukraine. He‚Äôs a cool guy but I‚Äôd rather talk to him about Star Wars, which that he is hella knowledgeable on.","Oct 19, 2023 ¬∑ 12:49 PM UTC"
"üëÅÔ∏è The same sinister stooges (#Nazi-@CIA) @WHO set up a fight between #Russia & #Ukraine (see #2014UkraineCoup #NaziCIA #OperationPaperclip) seek to #DivideAndConquer the #MiddleEast & #China üëÅÔ∏è An attack on #Israel by #Hamas provoking retaliation?? üëÅÔ∏è ""#ItsATrap"" @starwars","Oct 19, 2023 ¬∑ 11:52 AM UTC"
"The discussion around war and political satire in Star Wars continues. I feel like this clip is relevant right now more than ever with both Ukraine and Israel. I don't have much of a stance either than that killing one way or another is awful. Most people just want to go to work, make money, have a family and lead a fulfilling life. https://invidious.perennialte.ch/watch?v=5rThyXdVrxE","Oct 18, 2023 ¬∑ 11:08 PM UTC"
"So.. X-Twitter-dom-->Question: Pundits say that Pres @RonaldReagan & USA drove Soviet Union into ruin by outspending on #StarWars weapons (apologies to @GeorgeLucasILM).Is #China, #Russia, #Iran together doing same to USA by fostering new Middle East war in addition to Ukraine?","Oct 18, 2023 ¬∑ 9:45 PM UTC"
"Develope Robots save millions of human lives. Hire Top war Consultant and train in war zones like Ukraine and Israel. Develope Star wars and Satelites like the ones you already own for profit. Build war equipment manufacturing plants and create jobs, maintence and tax #ElonMusk","Oct 18, 2023 ¬∑ 9:40 PM UTC"
"democrats shouldn't have helped vote out McCarthy in the first place. Remember - extremists were absolute minority - the majority of votes came from democrat scumbags, who must oppose Republicans every time, even if that means sabotaging something so vital as aid to Ukraine...","Oct 18, 2023 ¬∑ 7:24 PM UTC"
"And Ukraine. Which is why you didn't get voted in, you Trumpist bozo.","Oct 18, 2023 ¬∑ 7:04 PM UTC"
"That being said, if it comes down to it, I will support a MODERATE Dem or R (including Jeffries) as long as the crucial aid bill to Ukraine is getting passed and reasonable policy to keep this country running is made. High time our politicians are forced to cooperate anyways.","Oct 18, 2023 ¬∑ 6:59 PM UTC"
"For the US, Ukraine, our allies, etc? No. But these Republicans chose their fate by refusing and backstabbing Dems on deals that had made. Expecting them to help now is less feasible than 5 moderate/swing districts R's who likely lose their seats either way.","Oct 18, 2023 ¬∑ 6:44 PM UTC"
Agreed. What we need is a Pro-Ukraine Republican who's able to gain some support from the house minority so that we can get our government moving again and Ukraine on a better path to victory. We need Congress to pass authority for FY2024 to do this.,"Oct 18, 2023 ¬∑ 6:12 PM UTC"
Ukraine often conducts raids across the Dnipro that Russians will weaponize in the information space and some on our side may jump to hopeful conclusions about. The manpower disparity for an actual breakthrough across the Dnipro compared to raids is huge. like Brigade vs company,"Oct 18, 2023 ¬∑ 4:14 PM UTC"
"Pop cultural references are also visible. When the commander in chief of the Ukrainian army, General Zaluzhny, was filmed wearing a Star Wars Baby Grogu badge on his uniform, memes were quickly created linking ""the force"" with the Ukrainian army. Ukraine's online efforts show the importance of technology in modern wars and conflicts. While Russia tries to create uncertainty and fear online, Ukraine's strategy focuses on clear and smart communication. Both the government, the military and public authorities participate in the memetic strategy, but also many online groups and individuals contribute to this part of the war.","Oct 18, 2023 ¬∑ 1:58 PM UTC"
"–ë–∞–π–¥–µ–Ω –ø—Ä–∏–±—É–≤ –¥–æ –Ü–∑—Ä–∞—ó–ª—é‚úàÔ∏è –ü—Ä–µ–∑–∏–¥–µ–Ω—Ç –°–®–ê –∑–±–∏—Ä–∞—î—Ç—å—Å—è –ø–æ—Å—Ç–∞–≤–∏—Ç–∏ —ñ–∑—Ä–∞—ó–ª—å—Å—å–∫–æ–º—É –∫–µ—Ä—ñ–≤–Ω–∏—Ü—Ç–≤—É ¬´–∂–æ—Ä—Å—Ç–∫—ñ –ø–∏—Ç–∞–Ω–Ω—è¬ª —â–æ–¥–æ –ø–æ–¥–∞–ª—å—à–∏—Ö –ø–ª–∞–Ω—ñ–≤ –Ü–∑—Ä–∞—ó–ª—é, –ø–µ—Ä–µ–¥–∞—î –∞–≥–µ–Ω—Ü—ñ—è #Reuters #StopWAR #StarWARS #StopWARS #—Ö–∞–º–∞—Å #–∏–∑—Ä–∞–∏–ª—å #–≥–∞–∑–∞ #–ø–∞–ª–µ—Å—Ç–∏–Ω–∞ #–≤–æ–π–Ω–∞ #—É–∫—Ä–∞–∏–Ω–∞ #gaza #israel #ukraine #usa #iran","Oct 18, 2023 ¬∑ 12:36 PM UTC"
"Rollfeldkleber (11) Hat eine Ukraine es n√∂tig, dass ihre Not durch gelandete Star-Wars Tie-Fighter inkl. Sturmtruppen aus einem Science-Fiction-Film veranschaulicht wird? Oder durch eine Bombe in der K√ºchen-Sp√ºle? Oder durch Kaffeeklatsch mit behelmtem Kriegsberichterstatter?","Oct 18, 2023 ¬∑ 10:43 AM UTC"
–ü—Ä–µ–∑–∏–¥–µ–Ω—Ç –ì–µ—Ä–º–∞–Ω–∏–∏ –®–æ–ª—å—Ü –º–æ—Ä–¥–æ–π –≤ –ø–æ–ª‚Ä¶ –≤ –ê—ç—Ä–æ–ø–æ—Ä—Ç—É #–ë–µ–Ω–ì—É—Ä–∏–æ–Ω –≤ #–¢–µ–ª—å–ê–≤–∏–≤ –í–æ—Ç —ç—Ç–æ —è –ø–æ–Ω–∏–º–∞—é –ø–æ–ª–Ω–æ–µ –ø–æ–≥—Ä—É–∂–µ–Ω–∏–µ ü§ø –≤ –∞—Ç–º–æ—Å—Ñ–µ—Ä—É –ø—Ä–æ–∏—Å—Ö–æ–¥—è—â–µ–≥–æ –ø–∏–∑–¥–µ—Ü–∞‚Ä¶üëç #StopWAR #StarWARS #StopWARS #—Ö–∞–º–∞—Å #–∏–∑—Ä–∞–∏–ª—å #–≥–∞–∑–∞ #—Å–µ–∫—Ç–æ—Ä–≥–∞–∑–∞ #–ø–∞–ª–µ—Å—Ç–∏–Ω–∞ #–∏—Ä–∞–Ω #gaza #israel #war #new #news #ukraine #usa,"Oct 17, 2023 ¬∑ 8:16 PM UTC"
"Congress needs to get its act together with the Speakership, but until then Biden has available authority for Ukraine. ATACMS could've killed those alligators at the start of the counteroffensive, so one can only imagine the future consequences of what Ukraine is missing now.","Oct 17, 2023 ¬∑ 6:59 PM UTC"
How long before they start making Star Wars references like NATO did for Ukraine?,"Oct 17, 2023 ¬∑ 3:55 PM UTC"
–ß–µ—Ä–≥–æ–≤–∞ –µ—Å–∫–∞–ª–∞—Ü—ñ—è –±–ª–∏–∑—å–∫–æ‚Ä¶üöÄüöÄüåé #StopWAR #StarWARS #StopWARS #—Ö–∞–º–∞—Å #–∏–∑—Ä–∞–∏–ª—å #–≥–∞–∑–∞ #—Å–µ–∫—Ç–æ—Ä–≥–∞–∑–∞ #–ø–∞–ª–µ—Å—Ç–∏–Ω–∞ #–∞—Ç–∞–∫–∞ #–≤–æ–π–Ω–∞ #—É–∫—Ä–∞–∏–Ω–∞ #–∏—Ä–∞–Ω #–±–ª–∏–∂–Ω–∏–π–≤–æ—Å—Ç–æ–∫ #–Ω–æ–≤–æ—Å—Ç–∏ #–ø–æ–ª–∏—Ç–∏–∫–∞ #gaza #israel #war #new #news #ukraine #usa #lran #syria #iran https://www.politico.com/news/2023/10/17/ukraine-uses-secretly-shipped-u-s-missiles-to-launch-surprise-strike-00121932,"Oct 17, 2023 ¬∑ 3:45 PM UTC"
"(E) No, it's not Star Wars, it's tracer bullets flying at a drone. But they did not prevent him from hitting another loaf on which the Russians were riding. The 11th brigade @ng_ukraine, UAV unit Lastivka, crew Samosud works. Every occupier must be exterminated. Your drones help in this matter.","Oct 17, 2023 ¬∑ 12:54 AM UTC"
"L‚Äô√âtat islamique d‚ÄôISIS est une couverture pour les crimes d‚ÄôIsra√´l ! Isra√´l avait utilis√© le film Star Wars pour l'Ukraine, o√π se trouvent la plupart des Juifs ! Le sioniste est le plus menteur. #terrorism #attentat #Brussels","Oct 16, 2023 ¬∑ 11:35 PM UTC"
"No, this isn't Star Wars; those are tracer rounds flying towards the drone. But they didn't stop it from delivering another ""loaf"" on which the russians were riding. The üá∫üá¶ 11th Brigade @ng_ukraine is working, along with the drone unit üá∫üá¶""Lastivka"" and the üá∫üá¶""Samosud"" crew. Every occupier must be eliminated. YOUR drones are helping in this effort.","Oct 16, 2023 ¬∑ 7:23 PM UTC"
Right out of Star Wars ‚Ä¶ through-the-goggles look at FPV drone‚Äôs role in Ukraine war by ‚Å¶@AlexHortonTX‚Å© https://www.washingtonpost.com/world/2023/10/04/fpv-drone-ukraine-russia/,"Oct 16, 2023 ¬∑ 6:55 PM UTC"
It‚Äôs never the sons and daughters of the war profiteers that die on the frontlines for their country? Why was the White House blasting out the Star Wars theme? Are we at the Empire Strikes Back or Return of the Jedi stage in the saga? Eyes on Israel means eyes off Ukraine? Links?,"Oct 16, 2023 ¬∑ 1:35 PM UTC"
also he was being buddy buddy with literal NAZ!S FROM UKRAINE SO HE DID NOT GET THE POINT OF STAR WARS,"Oct 16, 2023 ¬∑ 5:11 AM UTC"
"How a person can support Gaza and Ukraine simultaneously, without any sense of irony or awareness, has finally broken me lololol. These people literally think the world operates like a Marvel or Star Wars movie. There's no other logical explanation for it.","Oct 15, 2023 ¬∑ 10:20 PM UTC"
#Gravity ‚úàÔ∏è #–ì—Ä–∞–≤–∏—Ç–∞—Ü–∏—è‚úàÔ∏è –ú–Ω–æ–≥–∏–µ —Å—Ç—Ä–∞–Ω—ã –Ω–∞—á–∞–ª–∏ —ç–≤–∞–∫—É–∞—Ü–∏—é —Å–≤–æ–∏—Ö –≥—Ä–∞–∂–¥–∞–Ω –∏–∑ –ò–∑—Ä–∞–∏–ª—è –ª—é–¥–∏ –±–µ–≥—É—Ç —Å –ó–µ–º–ª–∏ –û–±–µ—Ç–æ–≤–∞–Ω–Ω–æ–π... #StopWAR #StarWARS #StopWARS #—Ö–∞–º–∞—Å #–∏–∑—Ä–∞–∏–ª—å #–≥–∞–∑–∞ #–ø–∞–ª–µ—Å—Ç–∏–Ω–∞ #–∞—Ç–∞–∫–∞ #–≤–æ–π–Ω–∞ #—É–∫—Ä–∞–∏–Ω–∞ #–∏—Ä–∞–Ω #–Ω–æ–≤–æ—Å—Ç–∏ #gaza #israel #war #new #news #ukraine #usa #syria #iran,"Oct 15, 2023 ¬∑ 7:22 AM UTC"
"#–ò–†–ê–ù –ø–µ—Ä–µ–±—Ä–∞—Å—ã–≤–∞–µ—Ç –±—Ä–æ–Ω–µ—Ç–µ—Ö–Ω–∏–∫—É –∫ –≥—Ä–∞–Ω–∏—Ü–∞–º –ò—Ä–∞–∫–∞, –¥–ª—è –≤–æ–∑–º–æ–∂–Ω–æ–≥–æ –º–∞—Ä—à-–±—Ä–æ—Å–∫–∞ –≤ –ü–∞–ª–µ—Å—Ç–∏–Ω—É. #StopWAR #StarWARS #StopWARS #—Ö–∞–º–∞—Å #–∏–∑—Ä–∞–∏–ª—å #–≥–∞–∑–∞ #cekToprasa #nanecTuHa #araka #BOvHa #yKpauHa #–±–ª–∏–∂–Ω–∏–π–≤–æ—Å—Ç–æ–∫ #–Ω–æ–≤–æ—Å—Ç–∏ #nonuTuKa #gaza #israel #war #new #news #ukraine #usa #iran","Oct 14, 2023 ¬∑ 10:04 AM UTC"
"Jeg ved ikke, hvor mange eksempler, du √∏nsker, men DR bragte klip fra et videospil i en dokumentar og p√•stod, at det var fra krigen i Ukraine. Det rettede de dog. Israelsk TV indsatte ragelse fra StarWars i et klip, og p√•stod, at det var fra krigen i Ukraine.","Oct 14, 2023 ¬∑ 8:59 AM UTC"
"Not sure, but yeah that figure coincides with the Battles of Sievierodonetsk and Lysychansk, the Russians just dumped an absolutely apocalyptic amount of artillery into those cities and forced Ukraine to withdraw. 7k ammo fired by Russia a month is incredibly low for them","Oct 14, 2023 ¬∑ 5:45 AM UTC"
"–ë–µ–∑ –Ω–∞–∑–µ–º–Ω–æ—ó –æ–ø–µ—Ä–∞—Ü—ñ—ó —É –ì–∞–∑—ñ, —Ü—ñ–ª—ñ –ù–ï –±—É–¥—É—Ç—å –¥–æ—Å—è–≥–Ω—É—Ç—ñ ! #–ú–µ—Ç—Ä–æ–ì–∞–∑–∏ #StopWAR #StarWARS #StopWARS #—Ö–∞–º–∞—Å #–∏–∑—Ä–∞–∏–ª—å #–≥–∞–∑–∞ #—Å–µ–∫—Ç–æ—Ä–≥–∞–∑–∞ #–ø–∞–ª–µ—Å—Ç–∏–Ω–∞ #–∞—Ç–∞–∫–∞ #–≤–æ–π–Ω–∞ #—É–∫—Ä–∞–∏–Ω–∞ #–∏—Ä–∞–Ω #–±–ª–∏–∂–Ω–∏–π–≤–æ—Å—Ç–æ–∫ #–Ω–æ–≤–æ—Å—Ç–∏ #–ø–æ–ª–∏—Ç–∏–∫–∞ #gaza #israel #war #new #news #ukraine #usa https://bbc.in/3Qg1giP?fbclid=IwAR1_t6vq5HHPndKpiuoFLOP8xDSbCDeEL1oopTOYAe_qJ3ycAYp82SKPSKs_aem_AeYbVVuEpFtRu3AqB_Q7BTlYniNpsfEj5qyhJvkhI7na2NBsM_3RaP_n9Fsz8aGAtcg","Oct 13, 2023 ¬∑ 1:47 PM UTC"
100% –∑–Ω–∏—â–µ–Ω–Ω—è –≤–æ—Ä–æ–∂–∏—Ö —Ä–∞–∫–µ—Ç –ü–ü–û –Ü–∑—Ä–∞—ó–ª—é! #StopWAR #StarWARS #StopWARS #—Ö–∞–º–∞—Å #–∏–∑—Ä–∞–∏–ª—å #–≥–∞–∑–∞ #—Å–µ–∫—Ç–æ—Ä–≥–∞–∑–∞ #–ø–∞–ª–µ—Å—Ç–∏–Ω–∞ #–∞—Ç–∞–∫–∞ #–≤–æ–π–Ω–∞ #—É–∫—Ä–∞–∏–Ω–∞ #–∏—Ä–∞–Ω #–±–ª–∏–∂–Ω–∏–π–≤–æ—Å—Ç–æ–∫ #–Ω–æ–≤–æ—Å—Ç–∏ #–ø–æ–ª–∏—Ç–∏–∫–∞ #gaza #israel #war #new #news #ukraine #usa,"Oct 13, 2023 ¬∑ 7:42 AM UTC"
"I‚Äôd be curious at what % footage coming ‚Äúfrom‚Äù Gaza this past week is a direct result of this 2012 change. Considering some of the Ukraine footage in early 2022 was found to be recycled from a StarWars video game (prompting a copyright lawsuit), the playbook‚Äôs clearly repeating.","Oct 12, 2023 ¬∑ 8:08 PM UTC"
Here's a whole library of fake stuff: https://www.dropbox.com/sh/p8blhm66xxva8xi/AABaKDYBgv4wolDfioubeCR7a/Ukraine%20War/Fake%20Footage%20and%20Accusations?dl=0&subfolder_nav_tracking=1 And the Starwars picture: https://www.dropbox.com/sh/p8blhm66xxva8xi/AACEKHgTSgdNBBxlgE6chO5ea/Ukraine%20War/Fake%20Footage%20and%20Accusations/From%20Videogames%20and%20Movies/Star%20Wars%20TIE%20Fighter?dl=0&subfolder_nav_tracking=1 Main Ukraine directory: https://www.dropbox.com/sh/p8blhm66xxva8xi/AACjnvZph0F9YSN0NUp65AZIa/Ukraine%20War?dl=0&subfolder_nav_tracking=1 And a link to the FARL root directory: https://www.dropbox.com/sh/p8blhm66xxva8xi/AAAA67av-1zmS2gTEhazyPXba?dl=0,"Oct 12, 2023 ¬∑ 5:18 PM UTC"
Because they have a vendetta against anything and anyone that is associated with Trumps impeachment in 2019 for extorting Zelenskyy. Their belief that Trump isn‚Äôt a criminal hinges upon Hunter Biden‚Äôs past relation with Burisma being a valid reason to withold aid to Ukraine.,"Oct 12, 2023 ¬∑ 4:52 PM UTC"
Matt Wallace is a literal disinformation account. It‚Äôs hilarious that people are only catching on now when he has spread literal propaganda about Ukraine for the past year and a half,"Oct 12, 2023 ¬∑ 3:20 PM UTC"
"Because without ""Ukraine Aid"" paid for by U.S. tax payers for U.S. public services, how else would he support his sons business dealings and funneling money to Hamas in order to play both sides of the war like Senator Palpatine from star wars?","Oct 12, 2023 ¬∑ 11:10 AM UTC"
#StopWAR #StarWARS #StopWARS #—Ö–∞–º–∞—Å #–∏–∑—Ä–∞–∏–ª—å #–≥–∞–∑–∞ #—Å–µ–∫—Ç–æ—Ä–≥–∞–∑–∞ #–ø–∞–ª–µ—Å—Ç–∏–Ω–∞ #–∞—Ç–∞–∫–∞ #–≤–æ–π–Ω–∞ #—É–∫—Ä–∞–∏–Ω–∞ #–∏—Ä–∞–Ω #–±–ª–∏–∂–Ω–∏–π–≤–æ—Å—Ç–æ–∫ #–Ω–æ–≤–æ—Å—Ç–∏ #–ø–æ–ª–∏—Ç–∏–∫–∞ #gaza #israel #war #new #news #ukraine #usa #bomb #goodbomb,"Oct 12, 2023 ¬∑ 7:00 AM UTC"
Remember that at the beginning of the war in Ukraine they used video from a Star Wars movie complete with stormtroopers. Use your discernment when watching the video produced to sway our views of what‚Äôs happening. Old footage is also plentiful!,"Oct 12, 2023 ¬∑ 3:58 AM UTC"
"Well, he is definitely hard core anti Ukraine or pro Russia, or anti unipolar or pro multipolar, or anti Israel or pro Iran-Palistine, or‚Ä¶ Maybe just anti-unipolar. Assume we think multipolar is more stable. The independent systems in Star Wars have more sustainable peace with independent cooperation than Domination of a single ORDER. What if the ORDER is bad or poisoned? Where can you escape? Can‚Äôt a multipolar world compete or apply pressure on bad poles to make better? Maybe bad poles dominate and corrupt good ones to become bad? ü§∑‚Äç‚ôÇÔ∏è Bottom line: what is best, safest, most stable for us, the citizens or individuals?","Oct 11, 2023 ¬∑ 11:10 PM UTC"
WOW Ukraine is so BASED and CHUNGUS wholesome EPIC just like the rebels in STAR WARS kicking Darth PUTLERMORT's ASS i BET they have already reached CRIMEA or at least MELITOPOL or at least TOKMAK by now RIGHT?,"Oct 11, 2023 ¬∑ 12:57 PM UTC"
"Yes, he's a disinformation account and it's high time you recognize that. He has spewed out completely fabricated lies about Ukraine for over a year now to farm impressions.","Oct 11, 2023 ¬∑ 1:40 AM UTC"
"Hey pro-HAMAS bots and right-wingers who eat Kremlin propaganda for breakfast, here's a great opportunity to see footage of Russian crimes in Ukraine that you guys all pretend doesn't exist.","Oct 11, 2023 ¬∑ 1:39 AM UTC"
1973 vs 2023 ... #StopWAR #StarWARS #StopWARS #StopWAR #StarWARS #StopWARS #—Ö–∞–º–∞—Å #–∏–∑—Ä–∞–∏–ª—å #–≥–∞–∑–∞ #—Å–µ–∫—Ç–æ—Ä–≥–∞–∑–∞ #–ø–∞–ª–µ—Å—Ç–∏–Ω–∞ #–∞—Ç–∞–∫–∞ #–≤–æ–π–Ω–∞ #—É–∫—Ä–∞–∏–Ω–∞ #–∏—Ä–∞–Ω #–±–ª–∏–∂–Ω–∏–π–≤–æ—Å—Ç–æ–∫ #–Ω–æ–≤–æ—Å—Ç–∏ #–ø–æ–ª–∏—Ç–∏–∫–∞ #gaza #israel #war #new #news #ukraine #usa,"Oct 11, 2023 ¬∑ 12:59 AM UTC"
"Pentagon said America has enough weapons for Israel and Ukraine, never mind their inside trading stock shares, you dirty Americans have to turn in your guns cuz climate change. America funded both sides to the war in Israel. Star Wars Palpatine did that. #IsraelPalestineWar","Oct 10, 2023 ¬∑ 8:10 PM UTC"
Wish they could be this punctual about M39A1s for Ukraine!,"Oct 10, 2023 ¬∑ 6:59 PM UTC"
meanwhile in Ukraine after 20 months of existential war and $100 Billions late we got Generals with Star Wars characters & men pretending to be women with a bunch of children with cartoon dog avatars directing the the strategy & raising money for mafia fraudsters,"Oct 10, 2023 ¬∑ 6:04 PM UTC"
"Redditors when they can't reduce a complex geopolitical conflict down to ""Rebels vs the Empire just like in Star Wars!"" (like how they treat the Ukraine War)","Oct 10, 2023 ¬∑ 6:02 PM UTC"
"#portfolioday Hello, I'm dijital artist Ukraine. I draw fanarts (genshin impact, star wars, countryhumans) and my ocs","Oct 10, 2023 ¬∑ 4:21 PM UTC"
"@MarkHamill So when are we expecting some shit-tier Star Wars browbeating out of you over the Israel thing like you had Ukraine? Just a reminder, you and your family are shit for encouraging a woman to abort an unborn child. Thank God she had the beautiful child.","Oct 10, 2023 ¬∑ 2:22 PM UTC"
"Ukraine is facing an even larger existential threat from an empire that has designs of spreading chaos to Europe once again. I forcefully disagree, Ukraine needs more aid and the proper tools to destroy illegal Russian occupation in their country.","Oct 10, 2023 ¬∑ 2:05 PM UTC"
"If you love Ireland, if you love the Ukraine, if you love the rebels in Star Wars then why don‚Äôt you care about Palestinian lives? They have been killed and stripped of their rights for decades. Yet you stand with their oppressive government?","Oct 10, 2023 ¬∑ 12:10 PM UTC"
Do I think we have the ability to supply both with what they need? Yes. But given the slow drip we‚Äôve seen with Ukraine the last thing I‚Äôd want to see is the amount we are giving decrease because of admin‚Äôs frugality with the authority they‚Äôre given,"Oct 10, 2023 ¬∑ 11:31 AM UTC"
Ok then you‚Äôre pro Ukraine,"Oct 9, 2023 ¬∑ 10:01 PM UTC"
"Why can‚Äôt you seem to export this thinking to Ukraine/Russia, wherein Russia is calling for negotiations? They are doing the exact same thing demanding concessions of land they invaded illegally for some temporary ‚Äúpeace‚Äù. Which allows them to rebuild and subjugate more of üá∫üá¶.","Oct 9, 2023 ¬∑ 8:12 PM UTC"
"Is it your opinion that the Russian leadership is just Saddam Hussein evil, invading Ukraine to conquer it because it's their. That the Russian military is made up of mostly mindless bloodthirsty orks, killing and raping as they go? Star Wars in real life basically?","Oct 9, 2023 ¬∑ 6:58 PM UTC"
"Another oddity. Remember the various war scenes ‚Äúfrom Ukraine‚Äù that turned out to be from Star Wars scenes or Afghanistan pictures! Something wicked (with the Democrats, RINOs and Hollywood) is going on‚Ä¶","Oct 9, 2023 ¬∑ 6:26 PM UTC"
"Star Wars is dead to me since you supported Ukraine, because you have no idea what goes on outside the Hollywood bubble","Oct 9, 2023 ¬∑ 5:41 PM UTC"
I‚Äôm fully aware of this and support Ukraine. I‚Äôm just trying to guide this conversation to a constructive discussion about what should be done because it‚Äôs a very important topic.,"Oct 9, 2023 ¬∑ 5:13 PM UTC"
"Dude went over to the dark side once the Ukraine thing started (possibly even sooner). Frankly, it's a better twist than the recent Star Wars movies.","Oct 9, 2023 ¬∑ 4:56 PM UTC"
#StopWAR #StarWARS #StopWARS #—Ö–∞–º–∞—Å #–∏–∑—Ä–∞–∏–ª—å #–≥–∞–∑–∞ #—Å–µ–∫—Ç–æ—Ä–≥–∞–∑–∞ #–ø–∞–ª–µ—Å—Ç–∏–Ω–∞ #–∞—Ç–∞–∫–∞ #–≤–æ–π–Ω–∞ #—É–∫—Ä–∞–∏–Ω–∞ #–∏—Ä–∞–Ω #–±–ª–∏–∂–Ω–∏–π–≤–æ—Å—Ç–æ–∫ #–Ω–æ–≤–æ—Å—Ç–∏ #–ø–æ–ª–∏—Ç–∏–∫–∞ #gaza #israel #war #new #news #ukraine #usa,"Oct 9, 2023 ¬∑ 4:40 PM UTC"
"Good lord. Maybe it was her earrings that tipped them off. This is the fakest shit I have ever seen. Except maybe the Star Wars scene, being played off as the Ukraine.","Oct 9, 2023 ¬∑ 4:05 PM UTC"
"Mark stands with white people in Ukraine being occupied, but not brown people in Palestine. Strange logic. Maybe it is true what they say about Star Wars being racist af.","Oct 9, 2023 ¬∑ 3:23 PM UTC"
"So let me get this straight. We‚Äôve had people hanging from Inflatable planes in Afghanistan, Star Wars TIE Fighters shot down in Ukraine, and now Paragliders casually soar in to the most surveillanced country in the world? Küëçüèª Wake me up when #TheFakery ends. #PhysicalWoundsHeal","Oct 9, 2023 ¬∑ 2:40 PM UTC"
Isra√´l est √† la Palestine ce que la Russie est √† l¬¥Ukraine. Du coup pourquoi une diff√©rence de traitement ??? La vue ce n¬¥est pas STAR WARS c'est pas bien contre mal. Y¬¥√† des nuances de gris.,"Oct 9, 2023 ¬∑ 10:32 AM UTC"
"War War War, star wars, shit wars,Ukraine war, Armenia war, Afghanistan war, Palestine war...","Oct 9, 2023 ¬∑ 8:28 AM UTC"
Nope. that is not real action. Sending Ukraine $100 billion is real action.,"Oct 9, 2023 ¬∑ 4:27 AM UTC"
"Wow, what a shocker!!Not really, is this the same Star Wars guy that supported Ukraine?ü§£ü§£ Of course he is‚Ä¶ Wanker!","Oct 9, 2023 ¬∑ 12:22 AM UTC"
Remember all the cringe star wars rebel memes he posted when Ukraine war started how do you live to be in your 70's and know next to nothing,"Oct 8, 2023 ¬∑ 11:16 PM UTC"
Hamill is so embarrassing dude. Posted so much star wars rebels shit when Ukraine kicked off how can some one live so much life and know nothing,"Oct 8, 2023 ¬∑ 11:03 PM UTC"
Russia has us were they want us. Just like Reagan broke the USSR with Star Wars. They are breaking us with our spending. Billions for Ukraine and billions for Iran. We are going to pay for this.,"Oct 8, 2023 ¬∑ 10:21 PM UTC"
"How will prospective transfers of SDB to Israel impact the production of GLSDB for Ukraine, if at all? I know the part that attaches the rocket motor to the SDB is the throttling factor, but could you see an increase in demand for SDB impacting production going forward?","Oct 8, 2023 ¬∑ 9:22 PM UTC"
Ugh I still have a headache from the Russia/Ukraine Star Wars memes,"Oct 8, 2023 ¬∑ 8:42 PM UTC"
Place your bets on when we get ukraine marvel star wars posts,"Oct 8, 2023 ¬∑ 8:17 PM UTC"
That‚Äôs it I have finally unfollowed my childhood hero and threw away all my Luke skywalker toys I have been holding since I was 10 .#Gaza #palestine #israel #ukraine #starwars #ahsoka,"Oct 8, 2023 ¬∑ 7:40 PM UTC"
"It's amazing how this man, only a year ago, was utilizing Star Wars to politically motivate people to support Ukraine by comparing them to the Rebels. But when he sees an actual revolution against oppression it's clear he'd support the Empire.","Oct 8, 2023 ¬∑ 7:33 PM UTC"
"In Ukraine, explosive DIY drones give an intimate view of killing https://buff.ly/3rNrsYC #Ukraine #Russia ""Bendett likened the use of FPV drones to the iconic Star Wars scene, when Luke Skywalker fires a proton torpedo into an exhaust port to destroy the Death Star.""","Oct 8, 2023 ¬∑ 5:07 PM UTC"
"That shit doesn't work. It's just one of the magical western defense systems that have been consistently EXPOSED in Ukraine. Welcome to the world, Star Wars isn't real.","Oct 8, 2023 ¬∑ 2:21 PM UTC"
Yea I don't understand these people. My favorite footage from Ukraine was the one with the star wars tie fighter! Or the phantom hero pilot who turned out to be fake...,"Oct 8, 2023 ¬∑ 5:42 AM UTC"
"Ok so bear with me on this one genius: what if we applied that same exact logic for the illegal, barbaric invasion of Russia into Ukraine? Or is rational thought not allowed on that subject because you‚Äôre willing to go morally bankrupt to stick it to the Bidens?","Oct 8, 2023 ¬∑ 2:46 AM UTC"
We're certainly seeing far fewer star wars pictures from Ukraine,"Oct 7, 2023 ¬∑ 10:02 PM UTC"
"It is, like Ukraine very complicated, Like WW 1. A little more complicated than a Star Wars movie.","Oct 7, 2023 ¬∑ 8:23 PM UTC"
He gave $6 billion to Iran and now is giving $8 billion to Israel. This reminds me of Star Wars Clone Wars where Emperor Palpatine was playing both sides. How much you want to bet we are doing the same with Ukraine?,"Oct 7, 2023 ¬∑ 7:55 PM UTC"
"libs‚Ä¶just pretend Palestine are the rebels fighting back against imperial army, do the star wars shit with ukraine cmon","Oct 7, 2023 ¬∑ 6:46 PM UTC"
its so funny to me that putin is considered a war criminal by nato or whatever because he removed civilians from an area ukraine has been bombing for 10 years. was it kidnapping or what,"Oct 7, 2023 ¬∑ 5:51 PM UTC"
"Then they would be opposed to the tens of thousands of people being deported from Ukraine to Russia, and Russians imported into destroyed Mariupol for cheap housing","Oct 7, 2023 ¬∑ 5:50 PM UTC"
"–ú–∏ –∑—ñ–±—Ä–∞–ª–∏ –≤—Å—ñ –Ω–∞–π–≤–∞–∂–ª–∏–≤—ñ—à—ñ —Å—é–∂–µ—Ç–Ω—ñ —Å—Ü–µ–Ω–∏ —Ç–∞ –±–æ—ó —ñ–∑ ""Star Wars Jedi Knight: Jedi Academy"" —Ç–∞ –ø–µ—Ä–µ—Ç–≤–æ—Ä–∏–ª–∏ —ó—Ö –Ω–∞ —ñ–≥—Ä–æ—Ñ—ñ–ª—å–º–∏ –∑ –Ω–∞—à–æ—é –ª–æ–∫–∞–ª—ñ–∑–∞—Ü—ñ—î—é! –ì–µ—Ä–æ–π-—á–æ–ª–æ–≤—ñ–∫: https://invidious.perennialte.ch/Ag3eqp1b2Xc –ì–µ—Ä–æ–π-–∂—ñ–Ω–∫–∞: https://invidious.perennialte.ch/D-lyptAQ-Fk –ó–∞–ø—Ä–æ—à—É—î–º–æ –¥–æ –ø–µ—Ä–µ–≥–ª—è–¥—É :)","Oct 7, 2023 ¬∑ 11:23 AM UTC"
"Quand on cherche la fiente on trouve l'etron. Proverbe Fran√ßais ( version po√©tique ) Cette guerre ne finira jamais, l'Ukraine √ßa finira pareil, un monde en tension pour mieux faire peur. Du star Wars dans le sc√©nario....","Oct 7, 2023 ¬∑ 9:50 AM UTC"
Hi its follow a fella friday If you follow me. I send you star wars memes Glory to ukraine and To The heroes Fellas,"Oct 6, 2023 ¬∑ 11:24 AM UTC"
